nombre	genero
aaron	M
aaronit	M
aba	F
abaco	M
abalen	M
abbas	M
abbie	F
abbott	M
abby	F
abdala	M
abdas	M
abdecalas	M
abdel	M
abderico	M
abdias	M
abdiel	M
abdieso	M
abdo	M
abdon	M
abdul	M
abdullah	M
abe	M
abel	M
abelardo	M
abenamar	M
abencio	M
abeni	F
aberardo	M
abercio	M
abey	M
abhay	M
abia	F
abibo	M
abibon	M
abie	M
abiel	M
abigail	F
abijah	M
abijail	F
abilio	M
abimael	M
abira	F
abisai	M
abner	M
abra	F
abraham	M
abrahamitas	M
abrahan	M
abram	M
abran	M
abril	F
abryl	F
absalon	M
abu	M
abudemio	M
abundancio	M
abundio	M
acabi	F
acacia	F
acacio	M
acantha	F
acaropita	F
acato	M
accalia	F
accas	M
accio	M
acdel	M
ace	M
acelin	M
acepimas	M
acilino	M
acindino	M
acira	F
acisclo	M
ackerley	M
acucio	M
acursio	M
ada	F
adabella	F
adah	F
adair	M
adala	M
adalberto	M
adalgisa	F
adalia	F
adalid	M
adalino	M
adalis	F
adam	M
adamina	F
adamnan	M
adamo	M
adan	M
adaobi	F
adara	F
adauco	M
adaucto	M
adbeel	M
adbi	M
addie	F
addis	F
addison	M
ade	M
adel	M
adela	F
adelaida	F
adelaide	F
adelardo	M
adelberto	M
adelburga	F
adele	F
adelfa	F
adelfo	M
adelgiro	M
adelia	F
adelina	F
adeline	F
adelino	M
adelio	M
adelle	F
adelma	F
adelmar	M
adelmo	M
adelqui	M
adem	M
ademar	M
ademaro	M
ademia	F
adena	F
aderes	M
aderito	M
adhelma	F
adhemar	M
adi	M
adib	M
adiel	M
adil	M
adila	F
adilson	M
adina	F
adiran	M
adita	F
aditardo	M
aditi	F
adiva	F
adlai	M
adley	M
admon	M
ado	M
adolfina	F
adolfo	M
adolph	M
adon	M
adonai	M
adoncia	F
adonia	F
adonis	M
adora	F
adoracion	F
adorinda	F
adrew	M
adria	F
adrian	M
adriana	F
adriano	M
adriel	M
adrienne	F
adrine	F
adrio	M
adrion	M
adulfo	M
adventor	M
ady	F
adyuto	M
adyutor	M
aeneas	M
affrica	F
afia	M
afiano	M
afra	F
afraates	M
afric	F
africano	M
afrides	M
afrika	F
afrodisio	M
afrodita	F
afton	M
aftonio	M
agabe	M
agabio	M
agabo	M
agape	F
agapio	M
agapito	M
agar	F
agata	F
agatangelo	M
agatha	F
agatoclia	F
agatodoro	M
agaton	M
agatonica	F
agatonico	M
agatopodes	M
agatopodo	M
ageo	M
agerico	M
aggie	F
aghavni	F
agilberto	M
agileo	M
aglae	F
agliberto	M
agnano	M
agnelo	M
agnes	F
agnese	F
agnetha	F
agnew	M
agoardo	M
agop	M
agostina	F
agostino	M
agricio	M
agricola	M
agripa	M
agripina	F
agripino	M
aguaclara	F
agueda	F
aguri	M
agusti	M
agustin	M
agustina	F
agustino	M
aharon	M
ahava	F
ahearn	M
ahian	M
ahilton	M
ahmad	M
ahmed	M
ahmik	M
aiako	F
aiala	F
aicardo	M
aicha	F
aida	F
aidan	M
aidano	M
aide	F
aiel	M
aielet	F
aigulfo	M
aiken	F
aiko	F
aila	F
aileen	F
ailen	F
ailin	F
ailish	F
ailla	F
ailsa	F
aimar	M
aimara	F
aimardo	M
aime	F
aimee	F
aimery	M
aimi	F
aimie	F
aina	F
ainara	F
aine	F
ainhoa	F
ainsley	F
ainslie	M
aiosha	M
airlia	F
aischa	F
aisha	F
aisling	F
aislinn	F
aissatou	F
aitalas	M
aitana	F
aitiana	F
aitor	M
aixa	F
aiyana	F
ajani	M
ajay	M
akagi	M
akane	F
akanke	F
akari	M
akasma	F
akbar	M
akela	F
akemi	F
aki	M
akiko	F
akil	M
akina	F
akio	M
akira	M
akiva	M
aksel	M
al	M
alaa	F
alaciel	M
aladdin	M
aladino	M
alahi	F
alaia	F
alaide	F
alain	M
alair	M
alala	F
alan	M
alana	F
alani	F
alanis	F
alanna	F
alano	M
alaor	M
alaqua	F
alaric	M
alarico	M
alastair	M
alaura	F
alavda	F
alaya	F
alayde	F
alayn	M
alba	F
alban	M
albana	F
albano	M
albar	M
alben	M
alberico	M
albert	M
alberta	F
albertina	F
alberto	M
albida	F
albin	M
albina	F
albinka	F
albino	M
albuino	M
alcander	M
alceo	M
alcia	F
alcibiades	M
alcides	M
alcina	F
alcira	F
alcmena	F
alda	F
aldabel	F
aldabella	F
aldair	M
aldan	M
aldana	F
aldara	F
aldea	F
aldegunda	F
aldelmo	M
aldemar	M
alden	M
alder	M
aldercy	F
alderico	M
aldevar	M
aldina	F
aldo	M
alea	F
aleandro	M
aleardo	M
alec	M
alecio	M
aleeza	F
alegra	F
alegre	F
alegria	F
aleida	F
aleix	M
alejandra	F
alejandrina	F
alejandro	M
alejo	M
alek	M
aleka	F
aleksan	M
aleksander	M
aleksandra	F
aleksey	M
aleksy	M
aleli	F
alelia	F
alem	M
alena	F
alenka	F
aleron	M
alesandra	F
alesandro	M
aleser	M
alesia	F
alesio	M
alessandra	F
alessandro	M
alessia	F
alessio	M
aleta	F
alethea	F
alethia	F
aletta	F
alex	M
alexa	F
alexan	M
alexander	M
alexandra	F
alexandre	M
alexandria	F
alexandrina	F
alexandro	M
alexandros	M
alexeev	M
alexei	M
alexey	M
alexia	F
alexina	F
alexio	M
alexis	M
aleya	F
alfa	M
alfeo	M
alfieri	M
alfio	M
alfonsa	F
alfonsina	F
alfonso	M
alfred	M
alfredo	M
algar	M
alger	M
algerico	M
alheli	F
alhue	M
ali	M
alia	F
alibar	M
alice	F
alicia	F
alida	F
alide	F
alides	M
alidia	F
alik	M
alike	F
aliki	F
alim	M
alima	F
alin	F
alina	F
alinda	F
aline	F
alipio	M
aliquen	M
alira	F
alis	F
alison	F
alissa	F
alistair	M
alister	M
alit	F
alita	F
alithia	F
alix	F
aliza	F
alize	F
alkun	M
allan	M
allard	M
allegra	F
allen	M
allison	F
alma	F
almandos	M
almanzor	M
almaquio	M
almendra	F
almiro	M
almudena	F
alodia	F
alodie	F
alois	M
aloisio	M
aloiz	M
alojz	M
alomai	F
alon	M
alona	F
alondra	F
alonso	M
aloysia	F
alphonse	M
alpiniano	M
alsacia	F
alston	M
altagracia	F
altair	F
altea	F
alter	M
althea	F
alton	M
aluel	M
alula	M
alulay	F
alumine	F
alun	F
alunÈ	F
alvand	M
alvar	M
alvaro	M
alvesio	M
alvia	F
alvin	M
alvis	M
alvita	F
alys	F
alysa	F
alyson	F
alyssa	F
alzena	F
amabel	F
amabelio	M
amable	F
amada	F
amadeo	M
amadeus	M
amadis	M
amado	M
amador	M
amaia	F
amaicha	F
amal	F
amali	F
amalia	F
amalio	M
amaltea	F
amambay	F
aman	M
amana	F
amancai	F
amancay	F
amancio	M
amanda	F
amandine	F
amandio	M
amando	M
amantze	F
amara	F
amarande	F
amaranta	F
amarante	F
amaranto	M
amarilis	F
amarino	M
amarire	F
amaris	F
amaro	M
amaryllis	F
amata	F
amatista	F
amauri	M
amaury	F
amauta	F
amaya	F
ambar	F
amber	F
ambico	M
ambika	F
ambrosia	F
ambrosio	M
amedeo	M
ameerah	F
ameghino	M
amel	M
amelberga	F
amelia	F
amelida	F
amelie	F
amelin	F
amelina	F
amelio	M
amena	F
america	F
americo	M
amethyst	F
ami	F
amideo	M
amiel	M
amijay	F
amilcar	M
amin	M
amina	F
aminda	F
amine	F
aminta	F
amir	M
amira	F
amiri	M
amissa	F
amit	M
amitai	F
amittai	M
amity	F
ammi	F
ammia	F
ammiano	M
ammiel	M
ammon	M
ammonaria	F
ammonio	M
amnedis	F
amneris	F
amon	M
amorina	F
amorino	M
amory	F
amos	M
amparo	F
ampelio	M
ampelo	M
ampliado	M
amuyen	M
amy	F
amye	F
an	F
ana	F
ana de las ermitas	F
anaba	F
anabel	F
anabela	F
anabeli	F
anabella	F
anacario	M
anacarla	F
anacelis	F
anaclara	F
anacleto	M
anacreonte	M
anadina	F
anaelle	F
anahi	F
anahiancy	F
anahid	F
anais	F
analaura	F
analena	F
anali	F
analia	F
analis	F
analisa	F
analiz	F
analua	F
analuz	F
analy	F
anamilla	F
anamlor	F
ananda	F
anandi	F
anando	M
ananias	M
ananquel	F
anarda	F
anasol	F
anastacia	F
anastasia	F
anastasio	M
anastay	F
anatalon	M
anatiel	F
anatilde	F
anatol	M
anatole	M
anatolia	F
anatolio	M
anatonia	F
anaxagoras	M
ancelin	F
ande	M
andeolo	M
ander	M
anders	M
andi	F
andina	F
andino	M
andoni	M
andoquio	M
andra	F
andranik	M
andre	M
andrea	F
andreana	F
andreas	M
andrei	M
andreina	F
andres	M
andretta	F
andreus	M
andrew	M
andrey	M
andrian	M
andriela	F
andries	M
andro	M
androcles	M
androgeo	M
andromaca	F
andromeda	F
andronico	M
andry	M
andura	F
andy	M
anecto	M
aneider	F
anele	M
anelei	F
anelen	F
anelida	F
anelina	F
anelisa	F
anelise	F
anella	F
anemone	F
anempodisto	M
anera	F
aÒes	F
anesio	M
anette	F
anezka	F
anfiloquio	M
anfion	M
angel	M
angela	F
angeles	F
angelia	F
angelica	F
angelico	M
angelina	F
angeline	F
angelines	F
angelique	F
angelo	M
angeni	F
angie	F
angilberto	M
angiolina	F
angulo	M
angus	M
angustias	F
anhelen	F
ani	F
aÒi nala	F
ania	F
aniah	M
aniana	F
aniano	M
anibal	M
anica	F
aniceto	M
aniela	F
anieli	M
aniella	F
aniello	M
aniko	F
anina	F
anine	F
aniria	F
anisa	F
anise	F
anisia	F
anisio	M
anita	F
anixe	F
anju	F
anke	F
anker	M
ankine	F
ann	F
anna	F
annabel	F
annabella	F
annaly	F
anne	F
annelie	F
anneliese	F
annella	F
anneris	F
annette	F
anni	F
annick	F
annie	F
annika	F
annis	F
annoha	F
annora	F
annuar	M
anoha	F
anoki	M
anolfo	M
anon	M
anouk	F
anquises	M
ansano	M
ansberto	M
anscario	M
ansel	M
anselme	M
anselmo	M
ansovino	M
antar	M
antara	F
antares	M
anteia	F
antelmo	M
antelo	M
antenor	M
anteo	M
antero	M
antes	M
anthea	F
anthony	M
antia	F
antidio	M
antigona	F
antigono	M
antimo	M
antinisca	F
antino	M
antinogenes	M
antioco	M
antipas	M
antje	F
antoine	M
antoliano	M
antolin	M
antolina	F
anton	M
antonela	F
antonella	F
antonello	M
antonia	F
antonieta	F
antonina	F
antonino	M
antonio	M
antony	M
antranig	M
antsise	M
antual	M
antuan	M
antun	M
antusa	F
anuar	M
anuk	F
anunciacion	F
anunciada	F
anush	F
anwar	M
any	F
anya	F
anyel	F
anyelen	F
aoife	F
aolani	F
aoniken	F
aparicio	M
apaz	M
apees	M
apeles	M
apelio	M
apia	F
apiano	M
apirka	F
apodemio	M
apolinar	M
apolinaria	F
apolinario	M
apollinaire	M
apolline	F
apolo	M
apolodoro	M
apolonia	F
apolonio	M
aponi	F
april	F
apro	M
aproniano	M
aptonio	M
apuleyo	M
aquene	F
aquila	M
aquileo	M
aquiles	M
aquilesia	F
aquilina	F
aquilino	M
arabela	F
arabia	M
araceli	F
aracelis	F
aracelli	F
araci	F
aracio	M
aracoeli	F
aracy	F
arador	M
arakel	M
araksi	F
aram	M
araminta	F
aramis	M
arantxa	F
arantza	F
arantzazu	F
aranzazu	F
arapey	F
arash	M
araucaria	F
arauco	M
araxi	F
arbogasto	M
arcadia	F
arcadio	M
arcana	F
arcangel	M
arcangela	F
arcelia	F
archaluis	M
archer	M
archibald	M
archibaldo	M
arconcio	M
ardaches	M
ardalion	M
ardashes	M
ardelia	F
arden	M
ardin	M
ardis	F
ardon	M
arduino	M
areb	M
arecio	M
aref	M
arek	M
areli	F
areliz	F
arella	F
aren	M
arena	F
ares	M
aresio	M
aretas	M
aretha	F
aretina	F
aretusa	F
argelia	F
argen	F
argentina	F
argentino	M
argeo	M
argimiro	M
argos	M
argus	M
ari	M
aria	F
ariadna	F
ariadne	F
arian	M
ariana	F
ariane	F
arianna	F
arianne	F
ariano	M
aric	M
aricel	F
aricelli	F
aricia	F
aricin	M
arie	M
arieh	M
ariel	M
ariela	F
ariella	F
ariene	F
arif	M
arik	M
arim	M
ario	M
arion	M
ariosto	M
aris	M
arista	F
aristarco	M
aristeo	M
aristides	M
aristion	M
aristipo	M
aristo	M
aristobulo	M
aristocles	M
aristofanes	M
ariston	M
aristonico	M
aristoteles	M
arkin	M
arlene	F
arlinet	F
arman	M
armand	M
armanda	F
armande	M
armandina	F
armando	M
armen	M
armenia	F
armentaria	F
armentario	M
armenuhi	F
armida	F
arminda	F
armindo	M
armogastes	M
armonia	F
arnaldo	M
arnaud	M
arndt	M
arne	M
arneris	F
arnie	M
arno	M
arnol	M
arnold	M
arnoldo	M
arnolfo	M
arnon	M
arnulfo	M
aroldo	M
aron	M
aroncio	M
arquelao	M
arquimedes	M
arquipo	M
arrigo	M
arrio	M
arsacio	M
arsen	M
arsenio	M
arshak	M
art	M
artajerjes	M
artemio	M
artemisa	F
artemon	M
arthur	M
artin	M
arturo	M
aruanda	F
aruna	F
arvid	M
ary	M
aryan	M
aryana	F
arydea	F
arye	M
asaar	M
asael	M
asaf	M
asafo	M
asbed	M
asbel	M
ascla	F
asclas	M
asclepiades	M
asclepiodoto	M
asdrubal	M
asei	M
asela	F
asencio	M
aser	M
aset	M
asha	F
asher	M
ashera	F
ashford	M
ashjen	M
ashlin	M
ashling	F
ashtar	M
ashur	M
asia	F
asier	M
asincrito	M
asis	M
asise	M
aslan	M
asmara	F
asmodeo	M
aspasia	F
aspreno	M
assur	M
asta	F
astalora	F
astera	F
asteria	F
asterio	M
astio	M
astor	M
astra	F
astrea	F
astrid	F
asuero	M
asuncion	F
atahualpa	M
atahualpa d.l.andes	M
atalia	F
atalicio	M
ataliva	M
atalo	M
atanasia	F
atanasio	M
atara	F
atenas	F
atenea	F
atenodoro	M
atenogenes	M
athalia	F
athan	M
athena	F
athenas	F
atherton	M
athina	F
athos	M
atica	F
atico	M
atieh	M
atiel	M
atifa	F
atila	M
atilano	M
atilio	M
aton	M
attar	M
atuel	M
auberta	F
auberto	M
aubino	M
aubrey	M
auca	M
aucto	M
auda	F
audacto	M
audaz	M
audberto	M
aude	F
audelina	F
auden	M
audi	F
audifaz	M
audoeno	M
audomaro	M
audra	F
audrey	F
audric	M
audry	F
audun	M
augulo	M
augurio	M
august	M
augusta	F
augustal	M
augustin	M
augusto	M
augustus	M
aunario	M
aure	F
aurea	F
auree	F
aurek	F
aurelia	F
aureliano	M
aurelio	M
aureo	M
auri	F
auria	F
aurilia	F
aurora	F
ausano	M
ausonio	M
auspicio	M
austin	M
austreberta	F
austregisilo	M
austremonio	M
austricliniano	M
autana	F
autonomo	M
autumm	F
auxano	M
auxencio	M
auxibio	M
auxilio	M
auxtina	F
ava	F
avedis	M
avelino	M
avena	F
aventino	M
avery	M
avigdor	M
avilio	M
avital	F
avito	M
aviv	M
aviva	F
avril	F
axel	M
aya	F
ayalen	F
ayame	F
ayarai	M
ayax	M
ayelen	F
ayelet	F
ayen	F
ayesa	F
ayesha	F
ayhesa	F
ayiana	F
ayisha	F
ayita	F
ayla	F
aylen	F
aylin	F
aymara	F
aymee	F
ayoka	F
ayrton	M
ayumi	F
azadanes	M
azades	M
azael	M
azalea	F
azalia	F
azarias	M
azariel	M
azas	M
azize	M
azrael	M
azucena	F
azul	F
babet	F
babette	F
babilas	M
bachar	F
baco	M
badda	F
bademo	M
bader	M
badiha	F
badir	M
badra	F
bahari	M
bahia	F
bahiana	F
bahiano	M
bahich	M
bailey	M
bainbridge	M
baird	M
baka	F
balarama	M
balbiana	F
balbina	F
balbino	M
balbo	M
balder	M
baldomero	M
balduino	M
baldur	M
baldwin	M
bali	M
balint	M
baliwani	F
baltar	M
baltasar	M
baltazar	M
balthazar	M
bambu	M
banbury	M
bancroft	M
baptiste	M
baraquisio	M
barbaciano	M
barbara	F
barbato	M
barbea	F
barbelo	M
barclay	M
barcli	F
barden	M
bardomiano	M
baris	M
barkev	M
barlaan	M
barnabas	M
barnard	M
barnett	M
barney	M
baroncio	M
barrett	M
barry	M
barsabas	M
barsanufio	M
barsen	M
barsimeo	M
bart	M
bartolo	M
bartolome	M
barton	M
baruc	M
baruch	M
baruir	M
baruj	M
barula	M
basa	F
basha	F
basia	F
basiano	M
basil	M
basila	F
basileo	M
basiliano	M
basilides	M
basilio	M
basilisa	F
basilisco	M
basimah	F
basolo	M
bassa	F
bassi	M
basso	M
bast	M
bastian	M
bastiana	F
bat	M
batana	F
batia	F
batilde	F
batista	M
batsheva	F
battista	M
batul	F
batya	F
baudelio	M
baudilio	M
bautista	M
bavon	M
baxter	M
bayaceto	M
bayan	M
bayard	M
bayo	F
bayulo	M
beacan	M
beagan	M
beaman	M
beano	M
beata	F
beato	M
beatrice	F
beatrix	F
beatriz	F
beatriz del valle	F
beattie	F
beau	M
beaumont	M
beauregard	M
becca	F
beck	M
beda	M
bedelia	F
beder	M
begga	F
begoÒa	F
begonia	F
beism	M
bejle	F
bel	F
belana	F
belara	F
belarmino	M
beldon	M
belen	F
belena	F
belerofonte	M
belgrano	M
belia	F
belinda	F
belino	M
belisa	F
belisario	M
belkis	F
belkyss	F
bella	F
bellanca	F
belle	F
belona	F
belsy	F
beltran	M
bem	M
ben	M
bena	F
benedetta	F
benedict	M
benedicta	M
benedicto	M
benen	M
benet	M
benett	M
benicio	M
benigno	M
benilda	F
benilde	F
benildes	F
benita	F
benito	M
benjamin	M
benjasmin	F
bennett	M
benny	M
benoit	M
benon	M
benson	M
bent	M
bente	F
bentley	M
beraja	F
beranger	M
berardo	M
bercario	M
berend	M
berenger	M
berenice	F
bergo	M
bergren	M
berit	F
berk	M
berkeley	M
berko	M
bern	M
berna	F
bernabe	M
bernabela	F
bernadette	F
bernadine	F
bernard	M
bernarda	F
bernardino	M
bernardita	F
bernardo	M
berne	M
berniago	M
bernice	F
bernie	M
bernon	M
bernwardo	M
beronico	M
bert	M
berta	F
bertel	M
bertha	F
berthold	M
bertil	M
bertila	F
bertilda	F
bertina	F
bertino	M
bertoldo	M
berton	M
bertran	M
bertrand	M
bertulfo	M
bes	F
besa	M
besarion	M
bess	F
beta	F
betania	F
beth	F
bethany	F
bethsabe	F
betiana	F
betina	F
betsabe	F
betsy	F
bette	F
bettina	F
betty	F
beulah	F
bevan	M
bhoomika	F
bialy	M
bian	F
bianca	F
bianor	M
bibiana	F
biblides	M
biblis	F
bice	F
bicor	M
bidelia	F
bienvenido	M
bigay	F
bilal	M
billy	M
bilma	F
bina	F
biniamin	M
binny	F
birch	M
birget	F
birgitta	F
birilo	M
birino	M
birkita	F
birney	M
birtle	M
bishop	M
bithron	F
bitia	F
biviano	M
bjorn	M
blade	M
bladimiro	M
blaine	M
blaise	M
blanca	F
blanche	F
blanda	F
blandina	M
blas	M
blasco	M
blasides	M
blasina	F
blayne	F
blaze	M
blenda	F
bligh	M
blima	F
bliss	F
blithe	F
blix	M
blossom	F
bluma	F
bly	M
blythe	F
boden	M
boecio	M
bogart	M
bogdan	M
bogdanov	M
boghos	M
bogos	M
bohdan	M
bohdana	F
boleslao	M
bolonia	F
bolton	M
bona	F
bonaiunta	M
bond	M
bonfilio	M
bonifacio	M
bonita	F
bonito	M
bonnie	F
bono	M
bononio	M
bonosa	F
bonoso	M
booker	M
boone	M
boram	M
borden	M
boreas	M
boris	M
borja	M
borna	M
bowen	M
bowie	M
bowman	M
boyce	M
boyd	M
boyden	M
bracha	F
brad	M
braden	M
bradford	M
bradley	M
bradney	M
brady	M
braian	M
braina	F
braja	F
bram	M
bran	M
branco	M
brand	M
brandeis	M
brandina	F
brando	M
brandon	M
brandy	F
branimir	M
branko	M
brant	M
brasilina	F
braulio	M
braxton	M
breck	M
bree	F
breena	F
brencis	M
brenda	F
brendan	M
brendano	M
brenie	M
brenna	F
brennan	M
breno	M
brent	M
brentan	M
breog†n	M
bretanion	M
brett	M
bretta	F
brewster	M
brian	M
briana	F
briand	F
brianda	F
brianna	F
briar	F
briccio	M
brice	M
bricio	M
bridget	F
brie	F
brieg	M
brielle	F
brietta	F
brighton	M
brigida	F
brigido	M
brigit	F
brigitte	F
brina	F
brink	M
brinley	F
briony	F
brisa	F
briseida	F
brita	F
britannia	F
britany	F
brites	F
britta	F
brittany	F
brock	M
broderick	M
brody	M
broje	F
bronislao	M
bronson	M
brooke	F
brooks	M
bruce	M
bruna	F
brunela	F
brunella	F
brunequilda	F
brunette	F
brunilda	F
bruno	M
bruria	F
bruto	M
bryan	M
bryanna	F
bryant	M
bryce	M
bryson	M
bucefalo	M
buck	M
bud	M
buda	M
buddy	M
buenaventura	M
burcardo	M
burgundofara	F
burian	M
burke	M
burney	M
burr	M
burt	M
burton	M
byrd	M
byron	M
cadell	M
cadence	F
cadenet	F
cadeo	M
cadmo	M
cadyk	M
caedmon	M
caesar	M
caetana	F
caetano	M
cai	F
caian	M
caifas	M
cailan	M
cailin	F
caimile	F
cain	M
caio	M
caitanya	M
caitlin	F
caitlyn	F
caitrin	F
cala	F
calamanda	F
calandia	F
calandra	F
calanico	M
calanit	F
calantha	F
caldeolo	M
calder	M
caleb	M
caledonia	F
calel	M
calen	F
calepodio	M
caley	M
calhoun	M
calian	M
caligula	M
calim	M
calimaco	M
calimerio	M
calinica	F
calinico	M
caliope	F
caliopio	M
calista	F
calistenes	M
calisto	M
calistrato	M
calixta	F
calixto	M
callia	F
callidora	F
calliope	F
calocero	M
calogero	M
caltha	F
calvin	M
calypso	F
cam	F
camacho	M
cambises	M
camden	M
camel	M
camelai	F
camelia	F
camerino	M
cameron	F
camila	F
camila de la caridad	F
camilena	F
camilla	F
camille	F
camillia	F
camilo	M
campbell	M
campio	M
canaan	M
canace	F
cancianila	F
cancio	M
candace	F
candela	F
candelaria	F
candi	F
candice	F
candida	F
candide	F
candido	M
candiss	F
candra	F
candy	F
canela	F
canico	M
canion	M
cantalicia	F
cantalicio	M
cantidiano	M
cantidio	M
canuto	M
capitolina	F
capiton	M
caprasio	M
capri	F
capucine	F
caralipo	M
carauno	M
careli	F
caren	F
carendina	F
caresse	F
carezza	F
caridad	F
carim	F
carimi	F
carina	F
carine	F
caris	F
carisa	F
carisio	M
carissa	F
caritina	F
cariton	M
carl	M
carla	F
carlen	F
carlene	F
carles	M
carleton	M
carlina	F
carlisle	M
carlo	M
carlomagno	M
carlos	M
carlota	F
carlotta	F
carlton	M
carly	F
carmela	F
carmelita	F
carmelo	M
carmen	F
carmilla	F
carmina	F
carmiÒa	F
carmine	F
carmit	F
carnelian	F
carol	F
carola	F
carolina	F
caroline	F
caroll	F
carolyn	F
caron	F
carpo	M
carpoforo	M
carponio	M
carrick	M
carrie	F
carson	M
carsten	M
carter	M
carterio	M
carver	M
caryl	F
carysa	F
casandra	F
casandro	M
casdoa	F
casia	F
casiana	F
casiano	M
casiel	M
casilda	F
casimiro	M
casio	M
casiodoro	M
caspar	M
casper	M
cassandra	F
cassia	F
cassidy	M
cassiel	F
cassius	M
castalia	F
casto	M
castor	M
castora	F
castorio	M
castrense	M
castriciano	M
castulo	M
cataldo	M
catalin	F
catalina	F
catalino	M
catarina	F
caterina	F
caterine	F
catherina	F
catherine	F
cathy	F
cato	M
caton	M
catrian	M
catriel	M
catrina	F
catriona	F
catterina	F
catulino	M
catulo	M
cauciano	M
caupolican	M
cay co	F
cayetano	M
cayo	M
ceadas	M
ceasar	M
cebeles	F
cecil	M
cecile	F
cecilia	F
cecilio	M
cecily	F
cedar	M
cedric	M
ceferino	M
ceila	F
celandine	F
celanie	F
celedonia	F
celedonio	M
celena	F
celene	F
celerina	F
celerino	M
celeste	F
celestina	F
celestine	F
celestino	M
celia	F
celiana	F
celiano	M
celiar	M
celica	F
celide	F
celidonia	F
celina	F
celinda	F
celine	F
celino	M
celio	M
celmira	F
celsa	F
celso	M
celvia	F
cenobia	F
cenobio	M
censurio	M
centola	F
cerbero	M
cerbonio	M
cereal	M
cerelia	F
ceres	F
cerise	F
cerne	M
cesar	M
cesaraugustanus	M
cesare	M
cesarea	F
cesareo	M
cesario	M
cesia	F
cesidio	M
cesira	F
cetmilena	F
ceumar	M
chabela	F
chabley	F
chablis	F
chad	M
chaim	M
chal	M
chale	M
chalice	F
chalmers	M
chalon	M
chanah	F
chance	M
chancellor	M
chanda	F
chander	M
chandi	F
chandler	M
chandra	F
chanel	F
chaney	M
channing	F
chantal	F
chapman	M
charanpreet	F
charbel	M
charis	F
charise	F
charissa	F
charity	F
charlene	F
charles	M
charlotte	F
charmaine	F
charmian	F
charo	F
chase	M
chaska	F
chastity	F
chauncey	M
chava	F
chavi	F
chay	M
chaya	F
chayton	M
chelsea	F
chen	M
cheney	M
cheng ko	M
chenoa	F
cher	F
cheri	F
cherise	F
cherry	F
cheryl	F
chesna	F
chester	M
chevalier	M
chiara	F
chidinma	F
chika	F
chilali	F
childerico	M
chilton	M
chin	M
chioma	M
chloe	F
chloris	F
christa	F
christabel	F
christian	M
christina	F
christine	F
christoph	M
christopher	M
christos	M
christy	F
chuck	M
chukwuma	M
chumani	F
cian	M
ciara	F
cibele	F
cibeles	F
ciceron	M
cilinia	F
cindeo	M
cindy	F
cinicia	F
cinthia	F
cintia	F
cintio	M
cinzia	F
cipriano	M
cira	F
cirano	M
circe	F
cirenia	F
ciria	F
ciriaca	F
ciriaco	M
cirila	F
cirilo	M
cirinea	F
cirineo	M
cirino	M
cirion	M
ciro	M
ciselo	M
citino	M
claire	F
clara	F
clare	F
clarence	M
clarencio	M
claribel	F
clarisa	F
clarita	F
clark	M
clarke	M
claro	M
clasico	M
clateo	M
claude	M
claudia	F
claudiano	M
claudina	F
claudine	F
claudio	M
claus	M
clay	M
clayton	M
cleantha	F
cleary	M
cleavon	M
clelia	F
clemencia	F
clemens	M
clement	M
clemente	M
clementina	F
clementine	F
clementino	M
cleo	F
cleofas	M
cleofe	F
cleon	M
cleonico	M
cleopatra	F
cleria	F
clero	M
cleto	M
cleveland	M
clever	M
cliantha	F
clicerio	M
clidia	F
cliff	M
clifford	M
clifton	M
climaco	M
clinio	M
clint	M
clinton	M
clio	F
clitemestra	F
clitemnestra	F
clive	M
clivia	F
clodoaldo	M
clodomiro	M
clodoveo	M
clodulfo	M
cloe	F
clorinda	F
cloris	F
clotario	M
clotilde	F
clover	F
clyde	F
codrato	M
cointa	F
colby	M
coleman	M
coleta	F
colette	F
colin	M
colleen	F
collin	M
colm	M
colman	M
colmano	M
coloma	F
colomano	M
colombino	M
colombo	M
colon	M
colton	M
columba	F
columbano	M
columbia	F
comfort	F
comodo	M
conan	M
concepcion	F
concesa	F
conceso	M
concordia	F
concordio	M
confucio	M
conlan	M
connie	F
connor	M
cono	M
conon	M
conor	M
conrad	M
conrado	M
consorcia	F
constance	F
constancia	F
constancio	M
constantijn	M
constantin	M
constantine	M
constantino	M
constanza	F
consuelo	F
contardo	M
conway	M
cook	M
cooper	M
copretes	M
cora	F
coral	F
coralia	F
coralie	F
coran	M
corbett	M
corbin	M
corbiniano	M
corcoran	M
cordelia	F
cordell	M
cordula	F
corebo	M
corey	M
corin	F
corina	F
corinna	F
corinne	F
coriolano	M
cornelia	F
cornelio	M
cornelius	M
cornell	M
corona	M
coronados	M
cort	M
cory	M
cosima	F
cosma	F
cosme	M
cosmo	M
costante	M
costanza	F
cotido	M
courtland	M
covadonga	F
craig	F
craton	M
creighton	M
cremencio	M
crenscente	M
crescencia	F
crescenciana	F
crescenciano	M
crescencio	M
crescencion	M
crescent	F
crescente	M
cresconio	M
creso	M
cressida	F
crisanto	M
crisoforo	M
crisogono	M
crisol	M
crisologo	M
crisostomo	M
crisotelo	M
crispin	M
crispina	F
crispiniano	M
crispo	M
crispulo	M
cristal	F
cristel	F
cristela	F
cristelle	F
cristeta	F
cristhall	F
cristhian	M
cristian	M
cristiana	F
cristiano	M
cristina	F
cristino	M
cristobal	M
cristopher	M
cromacio	M
cronidas	M
crosby	M
crystal	F
cuadragesimo	M
cuadrato	M
cuartila	M
cuarto	M
cucia	M
cucufate	M
cullen	M
culmacio	M
cunegunda	F
cuniberto	M
cupido	M
curcudomo	M
curonoto	M
curt	M
curtis	M
custodio	M
cutberto	M
cutmano	M
cybele	F
cybill	F
cynara	F
cyndi	F
cynric	M
cynthia	F
cyntia	F
cyprien	M
cyrano	M
cyrene	F
cyril	M
cyrilla	F
cyrus	M
cytheria	F
cÅyen	F
dabria	F
daciano	M
dacil	F
dacio	M
dadas	M
dafna	F
dafne	F
dafrosa	F
dag	M
dagan	M
dagma	F
dagmar	F
dagny	F
dagoberto	M
dahlia	F
dai	F
daian	M
daiana	F
daiara	F
daien	M
daila	F
daimi	F
daina	F
daira	F
daisy	F
dakia	F
dalal	F
dalan	M
dalia	F
dalila	F
dalina	F
dalinda	F
dalma	F
dalmacio	M
dalmira	F
dalmiro	M
dalton	M
daly	M
damalis	M
damara	F
damaris	F
damasia	F
damaso	M
damek	M
damen	M
damian	M
damiana	F
damir	M
damon	M
dan	M
dana	F
danae	F
danah	F
dane	M
danel	M
danesa	F
danett	F
dani	F
dania	F
danica	F
daniel	M
daniela	F
danielle	F
danila	F
danilo	M
danimiro	M
danisa	F
danit	F
danitza	F
danko	M
danna	F
danny	M
dante	M
dantzel	F
danya	F
daphne	F
dara	F
darby	M
darciel	M
dardo	M
darek	M
daren	M
daria	F
darian	M
dariel	M
darien	M
darin	M
dario	M
darko	M
darla	F
darlene	F
darnell	M
darrel	M
darren	M
darrin	M
darrion	M
darryl	M
darshan	M
dasha	F
dasio	M
dativa	F
dativo	M
dato	M
davan	F
dave	M
davi	M
david	M
davida	F
davin	M
davina	F
davine	F
davino	M
davis	M
davor	M
dawn	F
daya	F
de aranzazu	F
de dios	M
de fatima	F
de jesus	M
de la esperanza	F
de la flor	F
de las mercedes	F
de las nieves	F
de los angeles	F
de los milagros	F
de lourdes	F
deacon	M
dean	M
deandra	F
debbie	F
debora	F
deborah	F
debra	F
decio	M
decker	M
decoroso	M
dedalo	M
dee	F
deian	M
deianira	F
deicola	M
deidamia	F
deka	F
dekel	M
del mar	F
del pilar	F
del socorro	F
del sol	F
delaney	F
delano	M
delbert	M
deleandra	F
delfin	M
delfina	F
delfino	M
delfor	M
delia	F
delicia	F
delila	F
delilah	F
della	F
delma	F
delphine	F
delsie	F
delsin	M
delta	F
delu	F
delvis	F
deman	M
demetria	F
demetrio	M
demetrius	M
demian	M
democrito	M
demofila	F
demostenes	M
dempster	M
dena	F
denice	F
denis	M
denisa	F
denise	F
denisse	F
dennis	M
denzel	M
deogracia	F
deogracias	M
deolinda	F
der	M
derek	M
derex	M
derfuta	F
derlis	M
dermot	M
derora	F
derrick	M
derry	M
desi	M
desiderio	M
desiree	F
desmond	M
despina	F
destiny	F
deva	F
devi	F
devlin	M
devnet	M
devorah	F
devota	F
dewey	M
dexter	M
deyanira	F
dharma	F
dheera	M
dhyan	M
diadema	F
diallo	M
diamanta	F
diamante	F
diamela	F
diana	F
diane	F
dianela	F
dianella	F
dianne	F
dianthe	F
diba	F
dibe	F
dick	M
dictimio	M
didier	M
didimo	M
didio	M
diederik	M
diego	M
diella	F
dieter	M
digna	F
dikran	M
dilek	F
dillan	M
dillon	M
dilys	F
dimas	M
dimitri	M
dimpna	F
dina	F
dinah	F
dino	M
dinora	F
dinorah	F
diocleciano	M
diocles	M
diodoro	M
diogenes	M
diomedes	M
diomid	M
diomira	F
dion	M
dionel	M
dionisia	F
dionisio	M
dionne	F
dionysus	M
dior	F
diorella	F
dioscoro	M
diosdado	M
diosma	F
dirck	M
dirk	M
disa	F
disibodo	M
dita	F
diva	F
divico	M
divina	F
divna	F
dixie	M
dixon	M
dmitri	M
doane	M
dobry	M
doelia	F
dolce	M
dolly	F
dolores	F
dom	M
domenico	M
domiciana	F
domiciano	M
domicio	M
domingo	M
dominic	M
dominica	F
dominick	M
dominique	F
domitila	F
domiziana	F
domma	F
dommina	F
domnion	M
don	M
dona	F
donal	M
donald	M
donaldo	M
donardo	M
donat	M
donata	F
donatella	F
donatien	M
donatila	F
donato	M
donella	F
donina	F
donna	F
donnelly	M
donovan	M
dora	F
doralisa	F
dorana	F
dorcas	F
dore	F
doreen	F
dorelia	F
dorian	M
dorie	F
dorina	F
dorinda	F
doris	F
dorla	F
doron	M
dorotea	F
dorothea	F
dorothy	F
dorzong	M
dositeo	M
dougal	M
douglas	M
douglass	M
dov	M
dovber	M
doyle	M
drake	M
drazen	M
drever	F
drina	F
droctoveo	M
drogon	M
drusila	F
drusilla	F
druso	M
dubiel	M
dudley	M
duena	F
duff	M
dugan	M
duglas	M
duham	M
duilio	M
duka	F
duke	M
dula	F
dulas	M
dulce	F
dulce jesus	M
dulce maria	F
dulcea	F
dulcidio	M
dulcinea	F
dulio	M
duman	M
duncan	M
dunlop	M
dunn	M
dunstan	M
dunstano	M
durand	M
dusan	M
duscha	M
dustin	M
dustine	F
dusty	M
dutch	M
dwayne	M
dwight	M
dyan	F
dyani	F
dylan	M
dyllis	F
dymas	M
dymphna	F
eadberto	M
eadmundo	M
eadoin	M
ealsa	F
eamon	M
eanwinda	F
earl	M
eartha	F
easter	F
eaton	M
ebal	M
ebele	F
eber	F
eberardo	M
ebiciaro	M
ebon	M
ebony	F
ebrulfo	M
ece	F
echo	F
eciar	M
eda	F
edan	M
edana	F
edberto	M
edburga	F
edda	F
eddine	M
edelba	F
edelburga	F
edelia	F
edelina	F
edeline	F
edelira	F
edelma	F
edelmar	M
edelmira	F
edelmiro	M
edeltruda	F
edelvais	F
edelweiss	F
edena	F
edesio	M
edeso	M
edgar	M
edgarda	F
edgardo	M
edie	F
edilberto	M
edilburga	F
edilia	F
edilio	M
edilma	F
ediltrudis	F
edipo	M
edison	M
edistio	M
edit	F
edita	F
edith	F
edmee	F
edmundo	M
edna	F
edouard	M
edria	F
edsel	M
edson	M
eduarda	F
eduardo	M
edurne	F
eduviges	F
eduvigis	F
eduvina	F
edward	M
edwardo	M
edwin	M
edwina	F
edythe	F
efebo	M
effie	F
efigenia	F
efisio	M
efraim	M
efrain	M
efrat	M
efrath	F
efrem	M
efren	M
egan	M
egberto	M
egduno	M
egeo	M
egidio	M
egipciaca	F
egisto	M
egle	F
egmidio	M
egon	M
eial	M
eibe	M
eiichi	M
eileen	F
eilene	F
eimi	F
einar	M
einat	F
eira	F
eirene	F
eitan	M
eitel	M
ekaterina	F
ela	F
eladia	F
eladio	M
elaine	F
elais	F
elata	F
elazar	M
elba	F
elbia	F
elbio	M
elcira	F
elda	F
elden	M
eldon	M
eldora	F
elea	F
eleana	F
eleanor	F
eleazar	M
eleazaro	M
electra	F
elek	M
elena	F
eleni	F
elenio	M
eleno	M
eleodoro	M
eleonor	F
eleonora	F
eleora	F
eleuteria	F
eleuterio	M
elfrida	F
elhanan	M
eli	M
elia	F
eliab	M
eliahu	M
eliam	M
elian	M
eliana	F
eliane	F
elias	M
elicio	M
elida	F
elide	F
elido	M
elie	F
eliecer	M
eliel	M
eliezer	M
eligio	M
elijah	M
elilia	F
elimelej	M
elimenas	M
elin	F
elina	F
elio	M
eliot	M
eliott	M
elis	F
elisa	F
elisabet	F
elisabeth	F
elisabetta	F
elisandro	M
elise	F
elisea	F
elisenda	F
eliseo	M
elisheba	F
elisheva	F
elisio	M
eliska	F
elissa	F
elita	F
eliza	F
elizabeth	F
eljanan	M
elka	F
elkan	M
elke	F
ella	F
ellema	F
ellery	M
ellie	F
elliot	M
elma	F
elmina	F
elmo	M
elodia	F
elodie	F
eloi	M
eloisa	F
eloise	F
eloy	M
elpidio	M
elsa	F
else	F
elsio	M
elsira	F
elton	M
elu	F
elvia	F
elvin	M
elvina	F
elvio	M
elvira	F
elvis	M
elysia	F
ema	F
emanuel	M
emanuela	F
emanuele	M
ember	F
emelia	F
emelie	F
emelina	F
emerald	F
emerenciano	M
emerio	M
emerita	F
emerson	M
emery	M
emeterio	M
emi	F
emigdio	M
emil	M
emilce	F
emilda	F
emilia	F
emiliana	F
emiliano	M
emilie	F
emilio	M
emily	F
emir	M
emiri	F
emma	F
emmanuel	M
emmanuelle	F
emmett	M
emperatriz	F
ena	F
enadio	M
enara	F
encarnacion	F
endora	F
eneas	M
enedina	F
eneida	F
enelsa	F
eneo	M
engelberto	M
engracia	F
enid	F
enio	M
ennata	F
ennio	M
ennis	M
enoc	M
enoch	M
enodio	M
enola	F
enrica	F
enrico	M
enrique	M
enriqueta	F
enuel	M
enya	F
enyeto	M
enzo	M
eoin	M
eolo	M
ephraim	M
epicuro	M
epifania	F
epifanio	M
epigmeno	M
epimaco	M
epimenides	M
epistema	F
eraclio	M
eranthe	F
erardo	M
erasma	F
erasmo	M
erasmus	M
erastostenes	M
erastus	M
ercilia	F
erebo	M
erek	M
ergasto	M
erhard	M
eric	M
erica	F
erick	M
erico	M
erik	M
erika	F
erin	F
erina	F
erland	M
erlina	F
erlinda	F
erma	F
ermelando	M
ermelinda	F
ermenilda	F
ermin	F
ermindo	M
erminia	F
ermino	M
erminoldo	M
erna	F
ernaldo	M
ernest	M
ernestina	F
ernestine	F
ernesto	M
ernie	M
erno	M
erol	M
eros	M
erostrato	M
eroteida	F
errol	M
erskine	M
ervaldo	M
ervin	M
ervina	F
erwin	M
eryn	F
eryx	M
esau	M
escipion	M
escolastica	F
escubiculo	M
esculapio	M
esdras	M
eshe	F
esilda	F
esio	M
esiquio	M
eslem	M
esmeralda	F
esmirna	F
esmond	M
esnel	M
esopo	M
especioso	M
espen	M
esperanza	F
esperato	M
espin	M
espinolo	M
espiridion	M
espolono	M
esquirion	M
esra	M
essie	F
essien	M
estanislao	M
esteban	M
estefania	F
estefano	M
estela	F
estelle	F
ester	F
esther	F
estibaliz	F
estiliano	M
estralita	F
estraton	M
estrella	F
etana	F
etania	F
etbino	M
eteberto	M
etel	F
etelberto	M
etelca	F
etelvina	F
etelwoldo	M
eterio	M
ethan	M
ethana	F
ethaniel	M
ethel	F
etienne	M
etna	F
eton	M
etta	F
etu	M
eu bin	M
euberto	M
eubulo	M
eucario	M
eucarpo	M
euclides	M
eudes	M
eudocia	F
eudora	F
eudoro	M
eudoxia	F
eudoxio	M
eufemia	F
eufemio	M
eufrasia	F
eufrasio	M
eufronio	M
eufrosina	F
eugene	M
eugenia	F
eugenio	M
eukene	F
eulalia	F
eulalie	F
eulalio	M
eulogio	M
eumelia	F
eumenio	M
eun bin	M
eunice	F
euniciano	M
euno	M
eunomia	F
eupilo	M
euprepia	F
euprepio	M
euprepito	M
eupsiquio	M
euquerio	M
eurico	M
euridice	F
euripides	M
euro	M
eusebia	F
eusebio	M
eusiquio	M
eustacia	F
eustacio	M
eustaquio	M
eustasio	M
eustato	M
eustelia	F
eusterio	M
eustoquia	F
eustoquio	M
eustorgio	M
eustosio	M
eustrato	M
eustremonio	M
euterpe	F
eutimio	M
eutiques	M
eutiquiano	M
eutiquio	M
eutrapia	F
eutrapio	M
eutropia	F
eutropio	M
euvaldo	M
eva	F
evacsa	F
evadne	F
evagrio	M
evan	M
evana	F
evander	M
evando	M
evangelina	F
evangeline	F
evangelino	M
evangelista	M
evans	M
evanthe	F
evaristo	M
evasio	M
eve	F
evelia	F
evelina	F
eveline	F
evelio	M
evelyn	F
evencio	M
ever	M
everardo	M
everett	M
evergisto	M
evermodo	M
everton	M
evette	F
evilasio	M
evita	F
evodio	M
evonne	F
evora	F
evrardo	M
evrulfo	M
exaltacion	F
exanto	M
exequiel	M
expectacion	F
expedito	M
exuperancia	F
exuperancio	M
exuperia	F
exuperio	M
eyal	M
eyota	F
ezekiel	M
ezequias	M
ezequiel	M
ezilda	F
ezio	M
ezra	M
fabia	F
fabian	M
fabiana	F
fabiano	M
fabiela	F
fabienne	F
fabio	M
fabiola	F
fabriccio	M
fabriciano	M
fabricio	M
fabrizio	M
facundo	M
fadrique	M
fadua	F
fady	M
fagan	M
fai	M
fairfax	M
fairuz	F
faisal	M
faith	F
faizah	F
fala	F
falco	M
falcon	M
fallon	F
fandilas	M
fanny	F
fantine	F
fantino	M
fara	F
farah	F
faraj	M
faraon	M
faren	F
farica	F
farid	M
farida	F
faris	M
farisa	F
farnacio	M
faron	M
farrah	F
farrell	M
fatima	F
fatin	M
fausta	F
faustina	F
faustine	F
faustiniano	M
faustino	M
fausto	M
favio	M
fawn	F
fawne	F
faye	F
fayina	F
fazzio	M
fe	F
febadio	M
febe	F
febes	F
febo	M
febronio	M
federica	F
federico	M
fedor	M
fedora	F
fedra	F
feigue	F
felcia	F
felice	F
felicia	F
feliciano	M
felicidad	F
felicisima	F
felicisimo	M
felicitas	F
felicite	F
felicity	F
felip	M
felipa	F
felipe	M
felisa	F
felix	M
fennella	F
fenton	M
fequino	M
ferdinand	M
ferdinando	M
fergal	M
fergus	M
fermin	M
fermina	F
fern	F
fernan	M
fernanda	F
fernando	M
feronia	F
ferran	M
ferreol	M
ferreolo	M
ferris	M
ferrucio	M
ferto	M
fiacro	M
fiamma	F
fibiceo	M
ficela	F
fidel	M
fidela	F
fidelity	F
fidenciano	M
fidencio	M
fidolo	M
filadelfo	M
filan	M
filapiano	M
filastro	M
fileas	M
filemon	M
filia	F
filiberto	M
filindo	M
filip	M
filipa	F
filipe	M
filippo	M
filis	F
filoctetes	M
filogeno	M
filomena	F
filon	M
filonila	F
filotea	F
filoteo	M
filotero	M
finiano	M
finley	M
finn	M
finola	F
fintano	M
fiona	F
fionna	F
fionnula	F
fiorella	F
fiorenza	F
firman	M
firmato	M
firmiliano	M
firmo	M
firneo	M
fisk	M
fisseha	F
fitzpatrick	M
flaminia	F
flaminio	M
flann	M
flannery	M
flavia	F
flavian	M
flaviana	F
flaviano	M
flavina	F
flavio	M
fleta	F
fletcher	M
fleur	F
flinn	M
flor	F
flor maria	F
flora	F
floreal	M
florence	F
florencia	F
florencio	M
florente	M
florentina	F
florentine	F
florentino	M
florestano	M
floria	F
florian	M
floriana	F
floriano	M
florida	F
florinda	F
florindo	M
florio	M
floro	M
flosculo	M
floviano	M
flower	F
floyd	M
flynn	M
focas	M
focio	M
fola	F
folco	M
fonda	F
forbes	M
forest	M
formerio	M
forrest	M
forrester	M
fortuna	F
fortunata	F
fortunato	M
foster	M
fotina	F
fotino	M
franc.de caracciolo	M
franc.de jeronimo	M
franc.de posadas	M
franca	F
francamarina	F
frances	F
francesca	F
francesco	M
francia	F
francina	F
francine	F
francis	M
francisca	F
francisca romana	F
francisco	M
francisco colmenario	M
francisco de asis	M
francisco de borja	M
francisco de paula	M
francisco de regis	M
francisco de sales	M
francisco galvez	M
francisco javier	M
francisco solano	M
francisco titelman	M
franco	M
francois	M
frank	M
franka	F
franklin	M
frantxina	F
franz	M
frasier	M
fraterno	M
fraya	F
fred	M
freda	F
freddy	M
frederick	M
frederico	M
frederik	M
fredeswinda	F
fredy	M
fremont	M
fresia	F
freya	F
frick	M
frida	F
fridolino	M
frieda	F
friedrich	M
frigidiano	M
fritz	M
fritzi	M
froabuga	M
froberto	M
froilan	M
fronton	M
fructulo	M
fructuosa	F
fructuoso	M
frumencio	M
fuad	M
fubrado	M
fucsia	F
fulberto	M
fulco	M
fulgencio	M
fulvia	F
fulvio	M
fumiko	F
fursy	M
fusca	F
fuscienne	F
fusiano	M
gabe	M
gabelo	M
gabina	F
gabino	M
gabriel	M
gabriela	F
gabriella	F
gabrielle	F
gad	M
gada	F
gadi	M
gadiel	M
gae	F
gael	M
gaelle	F
gaetano	M
gage	M
gaia	F
gail	F
gaius	M
gala	F
galadriel	F
galatea	F
galdino	M
galen	M
galena	F
galeno	M
galgano	M
gali	F
galia	F
galicano	M
galileo	M
galina	F
galit	F
gallagher	M
galo	M
galt	M
galton	M
galvin	M
galya	F
gamada	F
gamal	M
gamaliel	M
gamble	M
gamelberto	M
gandolfo	M
gandroso	M
ganesa	F
gangulfo	M
ganimedes	M
gannon	M
garabed	M
garbis	M
gareth	M
garibaldi	M
garine	F
garland	F
garmet	F
garret	M
garrett	M
garrick	M
garridan	M
garrison	M
garry	M
garson	M
garth	M
garwood	M
gary	M
gaspar	M
gaston	M
gaudencia	F
gaudencio	M
gauderico	M
gaudioso	M
gausberto	M
gavin	M
gavina	F
gavrie	M
gavriel	M
gayane	F
gayle	F
gaylord	M
gea	F
geary	M
gebhard	M
gedeon	M
gelasia	F
gelasio	M
gema	F
gemelo	M
gemina	F
gemini	F
geminiano	M
gemino	M
gemma	F
gena	F
genadio	M
genara	F
genaro	M
genciano	M
gene	M
generosa	F
generoso	M
genet	F
geneva	F
genevieve	F
genna	F
gennaro	M
genoveva	F
gento	M
geoffrey	M
geoffroy	M
georg	M
george	M
georges	M
georgette	F
georgia	F
georgina	F
geraint	M
gerald	M
geraldina	F
geraldine	F
geraldo	M
gerard	M
gerarda	F
gerardesca	F
gerardo	M
gerasimo	M
gerbrando	M
gerda	F
geremaro	M
geremias	M
geri	F
gerik	M
gerlac	M
germain	M
german	M
germana	F
germanico	M
germano	M
geroldo	M
geroncio	M
geronimo	M
gerson	M
gertrude	F
gertrudis	F
gervasio	M
geseon	M
gessica	F
geva	F
geza	M
ghaliya	F
ghislain	M
ghislaine	F
giacinta	F
giacomo	M
gian	M
giancarla	F
giancarlo	M
gianella	F
gianfranco	M
gianina	F
gianluca	M
gianlucca	M
gianmarco	M
gianna	F
gianni	M
giannina	F
gibson	M
gigi	F
gil	M
gilana	F
gilbert	M
gilberta	F
gilberte	F
gilberto	M
gilcerio	M
gilda	F
gildardo	M
gildas	M
gilen	M
giles	M
gillian	F
gimena	F
gina	F
ginebra	F
gines	M
ginette	F
ginger	F
ginny	F
gino	M
ginton	M
gioconda	F
gioele	M
gioia	F
giona	F
giorgia	F
giorgina	F
giorgio	M
giovanna	F
giovanni	M
giraldo	M
gisa	F
gisberto	M
gisela	F
giselda	F
gisele	F
gisella	F
giselle	F
gislena	F
gisleno	M
gita	F
gitana	F
gitel	F
githa	F
gittel	F
giulia	F
giuliana	F
giuliano	M
giulietta	F
giuseppe	M
givon	M
gladis	F
gladys	F
glafira	F
gleda	F
glen	M
glenda	F
glenn	M
glenna	F
gliceria	F
glicerio	M
gloria	F
glorialdo	M
glory	F
goar	M
goberto	M
godana	M
godeberta	F
godescalco	M
godfrey	M
godiva	F
godofredo	M
golda	F
goldie	F
gomer	M
gondulfo	M
gontran	M
gonzalo	M
goran	M
gordiano	M
gordon	M
gorgonia	F
gorgonio	M
gosvino	M
gotardo	M
grace	F
gracia	F
graciana	F
graciano	M
gracias	F
gracie	F
graciela	F
graciliano	M
gradiva	F
grady	M
graham	M
grainne	F
gram	M
granger	M
grania	F
grant	M
granville	M
grata	F
gratiniano	M
grato	M
grayson	M
grazia	F
grear	F
grecia	F
greer	F
greg	M
greger	M
gregg	M
gregor	M
gregorina	F
gregorio	M
gregory	M
gremy	F
gresham	M
greta	F
gretchen	F
gretel	F
gretta	F
grette	F
griffin	M
grimoaldo	M
grimshaw	M
grisel	F
grisela	F
griselda	F
griswold	M
grover	M
guadalupe	F
gualberto	M
gualdemar	M
gualterio	M
gualtier	M
guarino	M
gudelia	F
gudula	F
guendalina	F
guenevere	F
guerrico	M
gugorio	M
guido	M
guila	F
guilherme	M
guillermina	F
guillermo	M
guimar	M
guinevere	F
guisell	F
guitl	F
guivorada	F
gulmacio	M
gulmen	M
gulnara	F
gumaro	M
gumersindo	M
gundelberto	M
gundelina	F
gundena	F
guniforte	M
gunnar	M
guntero	M
gunther	M
gurio	M
gus	M
gustave	M
gustavo	M
guthlac	M
guthrie	M
guvendolina	F
guy	M
guyapi	M
guzman	M
gwen	F
gwenda	F
gwendolyn	F
gwenole	M
gwidon	M
gwyn	F
gwyneth	F
gwynyber	F
g¸endalina	F
gypsy	F
gytha	F
haakon	M
habib	M
habiba	F
habido	M
habrilia	F
hackett	M
hada	F
hadar	M
hadara	F
hadas	F
hadasa	F
hadassa	F
hadassah	F
hadden	M
hadi	M
hadiya	F
hadrian	M
hadulfo	M
hagan	M
haian	M
haidee	F
haig	M
haiko	M
haines	M
hakim	M
halbert	M
halden	M
haldis	F
hale	M
halel	F
hali	F
halima	F
halley	M
hallie	F
halona	F
halsey	M
ham	M
hamal	M
haman	M
hamilton	M
hamlet	M
hamlin	M
hampartsum	M
hamza	M
hana	F
hanae	F
hanan	F
hania	F
hank	M
hanka	F
hanna	F
hannah	F
hanne	F
hans	M
hansol	M
hanzila	F
hara	F
harden	M
hardouino	M
hardy	M
harel	M
harith	M
harkin	M
harlan	M
harman	M
harmon	M
harmony	F
haroldo	M
harper	M
harriet	F
harrison	M
harry	M
harsh	M
hart	M
haru	F
haruka	F
harumi	F
haruni	M
harvey	M
hasad	M
hasna	F
hassan	M
hateya	F
hattie	F
hauk	M
hava	F
havencio	M
haya	F
haydee	F
haydn	M
hayfa	F
haylee	F
hayley	F
hazel	F
hea	F
heather	F
heaton	M
hebe	F
heber	M
heberto	M
hector	M
hecuba	F
heda	M
hedda	F
hedia	F
hedva	F
hedwig	F
hedy	F
hedya	F
hefziba	F
hegesipo	M
hei	F
heidi	F
heidy	F
hekmat	M
helda	F
heldo	M
heldrado	M
helen	F
helena	F
helene	F
helga	F
heli	F
helia	F
heliana	F
helio	M
heliodoro	M
heliogabalo	M
helki	F
helmut	M
heloisa	F
heloise	F
helua	F
helvecia	F
helvecio	M
helvetia	F
helvia	F
helvio	M
hemilce	F
hemilse	M
henedina	F
henoch	M
henri	M
henriatta	F
henrik	M
henry	M
hera	F
heraclea	F
heracleos	M
heraclio	M
heraclito	M
heraclo	M
heraldo	M
herb	M
herbert	M
herculano	M
hercules	M
heremon	M
heriberto	M
heridion	M
heripsime	F
hermagoras	M
herman	M
hermann	M
hermelando	M
hermelinda	F
hermelindo	M
hermenegilda	F
hermenegildo	M
hermes	M
hermilo	M
herminda	F
herminia	F
herminio	M
hermipo	M
hermocrates	M
hermogenes	M
hermogio	M
hermosa	F
hernan	M
hernando	M
hernani	M
herodes	M
herodoto	M
heron	M
heros	M
herschel	M
hersilia	F
herundina	F
herve	M
hesiquio	M
hesper	F
hester	F
hestia	F
hezekiah	M
hibah	M
hibiscus	F
hideki	M
hidulfo	M
higinio	M
hila	F
hilah	F
hilaire	F
hilaria	F
hilario	M
hilarion	M
hilda	F
hilde	F
hildebrando	M
hildegarda	F
hildegardis	F
hildegunda	F
hildelita	F
hildemar	F
hildemaro	M
hilel	M
hilen	F
hili	F
hillel	M
hilliard	M
hilton	M
hiltrudis	F
himerio	M
hinda	F
hipacio	M
hiparco	M
hipatia	F
hipocrates	M
hipolito	M
hiram	M
hiran	M
hiroaki	M
hiroki	M
hiromi	F
hiroshi	M
hiroyuki	M
hisa	F
hisae	F
ho	M
hodaia	F
hodaya	F
hodgson	M
holden	M
holley	F
holli	F
hollis	M
holly	F
holmes	M
holt	M
homer	M
homero	M
honesto	M
honey	F
honora	F
honorata	F
honorato	M
honoria	F
honorina	F
honorio	M
horace	M
horacio	M
hormisdas	M
hortencio	M
hortensia	F
hortensio	M
hortulano	M
horus	M
hosanna	F
hosarsiph	M
hosea	M
hoshi	F
hoshiko	F
hospicio	M
hossana	F
houston	M
howard	M
howe	M
howell	M
huaman	M
huber	M
hubert	M
huberta	F
huberto	M
huemul	M
huey	M
hugh	M
hugo	M
huilen	F
humbaldo	M
humbelina	F
humberto	M
humiliada	F
humphrey	M
hunter	M
huntley	M
hurley	M
hussain	M
huyana	F
hyacinth	F
hye	F
hyman	M
hyongnam	M
hypatia	F
ia	F
iaacob	M
iacov	M
iael	F
iafa	F
iago	M
iain	M
iair	M
iamit	F
ian	M
iana	F
ianella	F
ianick	M
ianina	F
ianir	M
ianis	M
ianiv	M
iannis	M
ianthe	F
iara	F
iaser	M
iavnela	F
iazmin	F
ibai	M
ibar	M
ibel	F
iberico	M
ibero	M
ibi	F
ibrahin	M
icaro	M
ichiro	M
iciar	F
ida	F
idalia	F
idalina	F
idana	F
ido	M
idola	F
idomeneo	M
idonia	F
iedidia	M
ieesha	F
iehiel	M
iehuda	M
iehudit	F
ifigenia	F
igal	M
igashu	M
iggi	M
iggy	M
ignacia	F
ignacio	M
ignat	M
ignatius	M
ignazio	M
igor	M
ike	M
iker	M
ilai	M
ilan	M
ilana	F
ilanit	F
ilaria	F
ildar	M
ildara	F
ildefonso	M
ildemar	M
ileana	F
ilia	F
ilian	F
iliana	F
ilias	M
ilich	M
ilidio	M
illampu	M
illary	F
ilona	F
iluminada	F
iluminado	M
ilusha	M
ilva	F
ilve	F
ilya	M
iman	F
imanol	M
imelda	F
imhotep	M
imogene	F
imperia	F
imperio	F
imul	M
ina	F
iÒaki	M
inca	M
inda	F
indalecio	M
indes	F
indiana	F
indigo	F
indira	F
indra	F
ines	F
inez	F
inga	F
ingeno	M
ingmar	M
ingram	M
ingrid	F
inha	F
iÒigo	M
inmaculada	F
innis	M
inocencio	M
ioana	F
ioannis	M
ioav	M
ioel	M
iola	F
iolana	F
iolanthe	F
ion	M
iona	F
ionatan	M
ione	F
ionit	F
iorana	F
iosef	M
ioshua	M
iracema	F
iraida	F
irana	F
iratze	F
irene	F
ireneo	M
iriel	F
irina	F
irinea	F
iris	F
irma	F
irma de la paz	F
irmelin	F
irmina	F
irune	F
irupe	F
irving	M
isaac	M
isabel	F
isabela	F
isabella	F
isabelle	F
isabis	F
isacar	M
isachar	M
isacio	M
isadora	F
isaiah	M
isaias	M
isaul	M
isaura	F
isauro	M
isberga	F
iselda	F
iseo	M
isha	F
ishaiahu	M
isidora	F
isidoro	M
isidro	M
isis	F
isla	F
isleta	F
ismael	M
ismenia	F
isocrates	M
isoke	F
isolda	F
isolde	F
isolina	F
isondu	F
israel	M
israela	F
issa	M
issay	M
istu	M
ita	F
italo	M
itamar	M
itati	F
ithel	M
itiel	M
itisuri	F
ittamar	M
ittay	M
itzak	M
itzel	F
itzjak	M
itzjok	M
iuri	M
iuseff	M
ivan	M
ivana	F
ivanka	F
ivanna	F
ivar	M
ives	M
ivo	M
ivon	F
ivonne	F
ivory	F
ivy	F
iwan	M
ixtebe	M
iye	M
jaasiel	M
jabari	M
jabes	M
jabilo	M
jabir	M
jacco	M
jacinda	F
jacinta	F
jacinthe	F
jacinto	M
jack	M
jackson	M
jaclyn	F
jaco	M
jacob	M
jacoba	F
jacobe	M
jacobo	M
jacquelina	F
jacqueline	F
jacques	M
jacqui	F
jacy	F
jade	F
jadon	M
jadranka	F
jadwige	F
jadzia	F
jaegar	M
jael	F
jafar	M
jafit	F
jagger	M
jahaziel	M
jai	M
jaia	F
jaime	M
jaimie	F
jaina	F
jair	M
jairo	M
jake	M
jal	M
jala	F
jaled	M
jalil	M
jalila	F
jamal	M
james	M
jamila	F
jamilah	F
jamiro	M
jamison	M
jan	M
jana	F
janaina	F
janan	M
janania	M
jane	F
janet	F
janice	F
janina	F
janine	F
janis	F
janna	F
janneth	F
jano	M
jantipo	M
jaquelina	F
jarah	M
jardena	F
jared	M
jarek	M
jari	F
jarl	M
jarno	M
jaron	M
jaroslav	M
jarrett	M
jarvis	M
jasid	M
jasmine	F
jasna	F
jason	M
jasper	M
jasury	F
java	F
javan	F
javier	M
javiera	F
jayag	M
jaydi	F
jazmin	F
jazmine	F
jazz	F
jean	M
jean luc	M
jeanette	F
jeanne	F
jeannette	F
jed	M
jedfri	F
jedidiah	M
jedrek	M
jedva	F
jefferson	M
jeffrey	M
jehiel	M
jelani	M
jelena	F
jemima	F
jena	F
jenara	F
jenaro	M
jenay	F
jendayi	F
jenifer	F
jenna	F
jennifer	F
jenny	F
jensine	F
jeremiah	M
jeremias	M
jeremy	M
jeri	F
jeriah	M
jerolin	M
jerome	M
jeronimo	M
jerry	M
jerusalen	F
jerusha	F
jesica	F
jessamine	F
jessica	F
jessie	F
jesuana	F
jesumina	F
jesus	M
jethro	M
jeuel	M
jewell	F
jezabel	F
jezebel	F
jhon	M
jhonas	M
jibril	M
jill	F
jillian	F
jim	M
jimena	F
jimmy	M
jimoh	M
jin	F
jinsok	M
jinx	F
jira	F
jivin	M
joad	M
joakim	M
joan	M
joana	F
joanicio	M
joann	F
joanna	F
joanne	F
joao	M
joaquim	M
joaquin	M
joaquina	F
joav	M
job	M
jobey	M
jobina	F
jocasta	F
jodi	F
joe	M
joel	M
joela	F
joelle	F
joelliane	F
joey	M
johan	M
johana	F
johann	M
johanna	F
john	M
johnny	M
joia	F
jokin	M
jolan	F
jolanta	F
jolene	F
jolie	F
joline	F
jon	M
jonah	M
jonas	M
jonatan	M
jonathan	M
jonina	F
jora	F
jordan	M
jordana	F
jordane	F
jordi	M
jorell	M
jorge	M
jorgelina	F
jorgen	M
josafat	M
joscio	M
jose	M
josef	M
josefa	F
josefina	F
joselin	F
joselina	F
josemaria	M
joseph	M
josephina	F
josephine	F
josette	F
josh	M
joshua	M
josiah	M
josias	M
josua	M
josue	M
jotham	M
journey	F
jova	F
joviniano	M
jovino	M
jovita	F
joy	F
joyce	F
jozeph	M
jristos	M
juan	M
juan de dios	M
juana	F
juana del pilar	F
juanita	F
jucunda	F
jucundo	M
judas	M
judd	M
jude	M
judit	F
judith	F
judy	F
juji	F
julen	M
jules	M
julia	F
julian	M
juliana	F
julianna	F
julianne	F
juliano	M
julie	F
julieta	F
juliette	F
julinka	F
julio	M
julisa	F
julissa	F
juma	M
jumai	F
june	F
junior	M
juno	F
juri	M
jurrien	M
justa	F
justin	M
justina	F
justine	F
justiniano	M
justino	M
justise	F
justo	M
juvenal	M
juvencio	M
juveneo	M
juventino	M
juyoung	M
j¸re	M
j¸rgen	M
kaatje	F
kacey	F
kachina	F
kachine	F
kacy	F
kadar	M
kadeem	M
kadin	M
kadir	M
kado	M
kaela	F
kaethe	F
kai	M
kaia	F
kaiane	F
kaikara	M
kaiki	M
kailash	M
kaili	M
kaira	F
kairos	F
kaiser	M
kala	F
kalama	F
kalani	M
kalanit	F
kalare	F
kalb	M
kale	M
kalea	F
kaled	M
kalei	F
kalena	F
kaley	F
kali	F
kalika	F
kalil	M
kalila	F
kalinda	F
kaliska	F
kalkin	M
kalli	F
kalman	M
kalonice	F
kalya	F
kalyca	F
kama	F
kamal	M
kamala	F
kameko	F
kamena	F
kamil	M
kamila	F
kamilah	F
kamilia	F
kandace	F
kande	F
kandice	F
kane	M
kanene	F
kaniel	M
kanika	F
kanya	F
kapono	M
kara	F
karan	M
kareem	M
karel	F
karen	F
karena	F
karenina	F
karida	F
karif	M
karim	M
karima	F
karimah	F
karin	F
karina	F
karine	F
karis	F
karl	M
karla	F
karli	F
karma	F
karol	M
karolina	F
karsten	M
kasen	M
kasi	F
kasia	F
kasib	M
kasim	M
kasinda	F
kaspar	M
kass	M
kassia	F
kassidy	F
katarina	F
kate	F
kateb	M
katelin	F
katelyn	F
katerina	F
katharina	F
katharine	F
katherina	F
katherine	F
kathie	F
kathleen	F
kathrin	F
katia	F
katie	F
katja	F
katlyn	F
katrien	F
katrina	F
katya	F
katyana	F
kaveri	F
kavindra	F
kaya	F
kayla	F
kaylee	F
kayra	F
kaysa	F
kazuhiko	M
kazuo	M
keahi	M
keane	M
keanu	M
keara	F
kearney	M
keaton	M
keb	M
kedar	M
kedma	F
keefe	M
keelie	F
keelin	F
keenan	M
keene	M
kefira	F
kegan	M
kei	F
keigo	M
keiichi	M
keiji	M
keiki	F
keiko	F
keila	F
keili	F
keir	M
keisha	F
keith	M
kekipi	M
kekona	F
kelda	F
keli	M
kelila	F
kellan	M
kellee	F
kellen	M
kelli	F
kellie	F
kelman	M
kelvin	M
kemal	M
kempton	M
ken	M
kenaz	M
kenda	F
kendi	F
kendra	F
kendrick	M
kenelm	M
kenichi	M
kenji	M
kenley	M
kenn	M
kennard	M
kenneth	M
kennis	F
kenny	M
kensel	M
kent	M
kentaro	M
kentigerno	M
kenton	M
kenya	F
kenyi	M
kenyon	M
kenza	F
kenzo	M
keona	F
kerbasi	M
keren	F
kermit	M
kern	M
kerr	M
kerrick	M
kerrin	F
kers	M
kesare	F
kesia	F
kester	M
keturah	F
kevin	M
kevina	F
kevyn	F
keyvia	F
khaled	M
khalid	M
khalidah	F
khalil	M
khalile	F
khan	M
kharis	F
khoury	M
kia	F
kian	M
kiana	F
kiara	F
kiden	F
kiefer	M
kiele	F
kieran	M
kiernan	M
kiley	F
kilian	F
kiliano	M
killian	M
kimball	M
kimberly	F
kimi	F
kin	M
kina	F
kincaid	M
kinesburga	F
kineswida	F
kineta	F
kinneret	F
kintigerno	M
kinton	M
kioko	F
kiona	F
kioshi	M
kipling	M
kipp	M
kira	F
kiran	F
kirby	M
kirian	M
kiriano	M
kirk	M
kirkwood	M
kiros	M
kirsten	F
kirstina	F
kisa	F
kishi	F
kiska	F
kissa	F
kita	F
kitra	F
kitty	F
kiyomi	F
kiyoshi	M
kizzy	F
klarissa	F
klaus	M
kleef	M
knox	M
koen	M
kohana	F
kohar	F
koichi	M
koko	F
kolby	M
kolina	F
komstantin	M
kona	F
kong	M
konstantin	M
konstantinos	M
koos	M
kora	F
koral	F
korb	M
koren	F
kort	M
kosey	M
koto	F
krikor	M
krischan	M
krish	M
krista	F
kristen	F
krister	M
kristin	F
kristina	F
kristine	F
krysia	F
krystal	F
kumar	M
kumi	F
kumiko	F
kunti	F
kuri	F
kurt	M
kwanita	F
kyara	F
kyla	F
kyle	M
kyleigh	F
kyler	M
kylia	F
kyna	F
kyne	M
kynthia	F
kyoko	F
kyra	F
kyrene	F
kyros	M
laban	M
labib	M
lacey	F
lacie	F
lacy	F
ladd	M
ladio	M
ladislao	M
lael	F
laercio	M
laertes	M
laetitia	F
lahela	F
lahila	F
laia	F
laial	F
laila	F
laima	F
lain	M
laina	F
lair	M
laird	M
lais	F
lal	M
lala	F
lalage	F
lalasa	F
lalita	F
lamar	M
lambert	M
lamberto	M
lamond	M
lamont	M
lan	F
lance	M
lancelot	M
landelino	M
lander	M
landers	M
landis	M
landolfo	M
landon	M
landrada	M
landry	M
lanfranco	M
lang	M
langdon	M
langley	M
langston	M
langundo	M
lani	F
lanz	M
lap	M
lara	F
laraine	F
laramie	M
lareina	F
lari	F
larina	F
larisa	F
larissa	F
lark	F
laron	M
larrimore	M
larry	M
lars	M
lasca	F
lassie	F
lastenia	F
laszlo	M
lateefah	F
latif	M
latife	F
latika	F
latimer	M
latino	M
latisha	F
latona	F
laudelina	F
lauden	M
laudoaldo	M
laudomia	F
laughlin	M
laumer	M
laura	F
laurana	F
laureana	F
laureano	M
lauren	F
laurence	M
laurencia	F
laurencio	M
laurent	M
laurentino	M
laurie	F
laurinda	F
laurindo	M
lauro	M
lautaro	M
lavalle	M
laveda	F
laverne	F
lavina	F
lavinia	F
lawler	M
lawrence	M
laya	F
layla	F
lazara	F
lazaro	M
lazarus	M
lea	F
leah	F
leander	M
leandra	F
leandro	M
leanne	F
lear	M
learco	M
leba	F
lebian	M
leda	F
ledah	F
ledicia	F
lee	M
leggett	M
lei	M
leia	F
leib	M
leibush	M
leif	M
leiko	F
leila	F
leilani	F
leire	F
leiza	F
leland	M
lelia	F
lelica	F
lelio	M
lelis	F
leliz	F
lemuel	M
len	M
lena	F
lencho	M
lenda	F
lene	F
leneo	M
lenis	F
lenk	M
lennart	M
lennon	M
lennor	M
lennox	M
lenny	M
lenore	F
lensar	M
leo	M
leobino	M
leocadia	F
leocricia	F
leodegario	M
leodowaldo	M
leofrido	M
leola	F
leoma	F
leon	M
leona	F
leonard	M
leonarda	F
leonardo	M
leoncio	M
leonel	M
leonela	F
leonelo	M
leonidas	M
leonides	M
leonie	F
leonila	F
leonilda	F
leonor	F
leonora	F
leopardo	M
leopold	M
leopolda	F
leopoldo	M
leor	M
leora	F
leota	F
leovigildo	M
lerida	F
leron	M
leroy	M
lessia	F
lester	M
letancio	M
letha	F
leticia	F
letitia	F
letizia	F
leto	M
leucio	M
leuco	M
leudomiro	M
levana	F
levi	M
levia	F
levina	F
levon	M
lewa	F
lewana	F
lewin	M
lewis	M
lexine	F
leya	F
leylen	F
lia	F
liadan	F
liafdag	M
liam	M
lian	M
liana	F
liang	M
liat	F
libby	F
libe	F
libel	F
liber	M
libera	F
liberato	M
liberio	M
libertad	F
liberto	M
liberty	F
libia	F
libio	M
liborio	M
librada	F
liceria	F
licerio	M
licia	F
licina	F
licinio	M
licio	M
licurgo	M
lida	F
lidia	F
liduvina	F
lie	M
lien	F
liesel	F
lifardo	M
ligia	F
ligorio	M
liko	M
lila	F
lilac	F
lilah	F
lilaj	F
lilen	F
lilia	F
lilian	F
liliana	F
lilina	F
liliosa	F
lilith	F
lilli	F
lillian	F
lilo	F
lily	F
limber	F
lin	F
lina	F
linc	M
lincoln	M
linda	F
lindberg	M
linette	F
linfred	M
liniel	M
linka	F
linnea	F
linneo	M
lino	M
linu	M
linus	M
lioba	F
lion	M
lionel	M
lionela	F
lior	M
liora	F
liria	F
lirida	F
lirit	F
liron	M
lis	F
lisa	F
lisana	F
lisandro	M
lisardo	M
lisbet	F
lise	F
lisette	F
lisi	F
lisle	M
lissa	F
lister	M
liu	M
liuba	F
liv	F
livia	F
livino	M
livio	M
livvy	M
liz	F
liza	F
lizbeth	F
lizzy	F
ljubo	M
ljudmila	F
llanina	F
llanquetruz	M
llewellyn	M
lleyton	M
lloyd	M
loana	F
lockhart	M
loic	M
loida	F
lois	F
lok	M
lokelani	F
lola	F
lombard	M
lona	F
london	M
long	M
longinos	M
lonna	F
lono	M
lord	M
lore	F
lorea	F
loreana	F
loredana	F
lorelei	F
loreley	F
lorena	F
lorenza	F
lorenzo	M
loreta	F
loreto	F
loretta	F
lori	F
loriana	F
lorinda	F
loris	M
lorna	F
lorne	M
lorraine	F
loruhama	F
lorujama	F
lot	M
lotario	M
lotte	F
lotus	F
lou	M
louis	M
louisa	F
louise	F
lourdes	F
love	F
lovre	M
lowell	M
lua	F
luana	F
luano	M
luc	M
luca	M
lucan	M
lucano	M
lucas	M
lucca	M
luccas	M
lucciano	M
luce	M
lucelia	F
lucerito	F
lucerne	F
luchino	M
lucia	F
lucian	M
luciana	F
luciano	M
lucie	F
lucien	M
lucienne	F
lucila	F
lucile	F
lucilla	F
lucille	F
lucina	F
lucinda	F
lucine	F
lucio	M
lucius	M
lucky	M
lucrecia	F
lucretia	F
lucy	F
lucyna	F
ludivina	F
ludmila	F
ludmilla	F
ludovica	F
ludovico	M
ludwig	M
ludwika	F
luigi	M
luis	M
luis gonzaga	M
luisa	F
luisana	F
luise	F
luisella	F
luisina	F
luiz	M
luka	M
lukas	M
luke	M
lukene	M
lukina	F
lulu	F
lumila	F
lumumba	M
luna	F
lunt	M
lupe	F
lupercio	M
lupero	M
lupicino	M
lupita	F
lupo	M
lurentino	M
lusin	F
lusorio	M
lutardo	M
lutero	M
lutfi	M
lutgarda	F
luther	M
luvencio	M
luvina	F
luxmi	F
luz	F
luz marina	F
lydia	F
lyla	F
lyle	M
lylon	F
lyman	M
lynch	M
lynda	F
lyndon	M
lynette	F
lynne	F
lyris	F
lysander	M
lysandra	F
maarten	M
maartje	F
mabel	F
mac	M
macabeo	M
macabeos	M
macadam	M
macallister	M
macarena	F
macaria	F
macario	M
macaulay	M
mace	M
macedonio	M
machiko	F
maciel	F
mackenzie	F
maclean	M
maclovio	M
macra	F
macrina	F
macrino	M
macrobio	M
mada	F
maddie	F
maddock	M
maddox	M
madelaine	F
madeleine	F
madeline	F
madge	F
madlen	F
madonna	F
madox	M
madra	F
madrona	F
mady	F
mae	F
maeko	F
mael	M
maelia	F
maelle	F
maeve	F
mafalda	F
magali	F
magan	F
magda	F
magdalen	F
magdalena	F
magdalene	F
magena	F
maggie	F
magia	F
magin	M
magino	M
maglorio	M
magnerico	M
magno	M
magnolia	F
magnus	M
magumi	F
maha	F
mahala	F
mahalia	F
mahdis	F
maheera	F
mahesa	M
mahir	M
mahmoud	M
mahoma	M
mahon	M
mai	F
maia	F
maialen	F
maiara	F
maiatza	F
maica	F
maico	M
maida	F
maik	M
maika	F
maike	F
maila	F
maile	F
mailen	F
maille	F
maimara	F
maimuna	F
maira	F
maire	F
mairea	F
maisa	F
maisha	F
maisie	F
maita	F
maitane	F
maite	F
maitena	F
maitza	F
maive	F
maj	F
majencio	M
makala	F
makena	F
makenna	F
makin	M
makoto	M
malaika	F
malana	F
malaquias	M
malco	M
malcolm	M
malek	M
malen	F
malena	F
malguen	F
malia	F
malik	M
malina	F
malinda	F
malisa	F
malka	F
malone	M
malte	M
malva	F
malvina	F
malvina argentina	F
mamelta	F
mamertino	M
mamerto	M
mames	M
mamila	M
mamiliano	M
man	M
mana	F
maÒa	F
manahem	M
manases	M
mancio	M
manda	F
mandalo	M
mandara	F
mandek	M
mander	M
mandisa	F
mandy	F
manea	M
manel	M
maneto	M
manfamon	M
manfredo	M
mangena	F
manlio	M
manning	M
manny	M
manoli	F
manolis	M
manolo	M
manon	F
manrique	M
mansi	F
mansueto	M
manu	M
manuel	M
manuela	F
manuelita	F
manya	F
mapalico	M
mapril	M
mara	F
maral	F
marana	F
marat	M
maravillas	F
marc	M
marcel	M
marcela	F
marceliano	M
marcelina	F
marcelino	M
marcelo	M
marcia	F
marcial	M
marciana	F
marciano	M
marcie	F
marcio	M
marco	M
marcos	M
marcus	M
marcy	F
mardario	M
marden	M
mardonio	M
mardoqueo	M
marek	M
maren	F
marga	F
margalit	F
margaret	F
margarita	F
margaux	F
margot	F
marguerite	F
mari	F
maria	F
maria angel	F
maria aranzazu	F
maria begoÒa	F
maria belen	F
maria d.l.concepcion	F
maria d.l.victorias	F
maria d.t.los santos	F
maria de aranzazu	F
maria de bego§a	F
maria de belen	F
maria de cinta	F
maria de fatima	F
maria de guadalupe	F
maria de la almudena	F
maria de la cerca	F
maria de la cruz	F
maria de la gloria	F
maria de la gracia	F
maria de la macarena	F
maria de la merced	F
maria de la o	F
maria de la paloma	F
maria de la paz	F
maria de la soledad	F
maria de las ermitas	F
maria de las gracias	F
maria de las nieves	F
maria de lourdes	F
maria de lujan	F
maria de montserrat	F
maria de nuria	F
maria del consuelo	F
maria del huerto	F
maria del mar	F
maria del montserrat	F
maria del olvido	F
maria del pilar	F
maria del pino	F
maria del sol	F
maria del valle	F
maria delos milagros	F
maria fatima	F
maria gracia	F
maria guadalupe	F
maria inmaculada	F
maria jesus	F
maria jose	F
maria noel	F
maria nuria	F
maria olvido	F
maria sol	F
mariah	F
marialis	F
mariam	F
mariamar	F
marian	F
mariana	F
marianel	F
marianela	F
marianella	F
mariangel	F
mariangela	F
mariangeles	F
marianina	F
marianne	F
mariano	M
mariatu	F
maribel	F
maricel	F
mariciel	F
maricruz	F
marie	F
mariel	F
mariela	F
marien	F
mariet	F
marietta	F
marife	F
marigold	F
marikena	F
marilda	F
marile	F
marilein	F
marilen	F
marilena	F
marilia	F
marilin	F
marilina	F
marilisa	F
marilu	F
marilyn	F
marin	M
marina	F
marine	F
marinel	F
marines	F
marino	M
mario	M
marion	F
mariposa	F
mariquela	F
mariquena	F
marisa	F
marisabel	F
marisel	F
marisela	F
marisha	F
marisol	F
marissa	F
marisu	F
marite	F
marjeta	F
marjorie	F
mark	M
markar	M
markham	M
marko	M
marla	F
marland	M
marlene	F
marlin	M
marlo	F
marlon	M
marlow	M
marmara	F
marnina	F
marolo	M
maron	M
marotas	M
marsala	F
marselio	M
marsha	F
marta	F
martha	F
marti	F
martin	M
martina	F
martiniano	M
martino	M
martir	M
martirio	F
marty	M
maruan	M
marutas	M
marv	M
marvel	F
marvela	F
marvin	M
marwa	F
mary	F
marysol	F
marziabo	M
masada	F
masahiro	M
masalvio	M
masami	M
masao	M
masculas	M
masengu	F
mashe	F
mason	M
masona	M
massimiliano	M
massimo	M
matai	F
mateo	M
materno	M
mathea	F
matheo	M
mather	M
matheus	M
mathias	M
mathieu	M
mathilda	F
mathilde	F
mati	M
matias	M
matilda	F
matilde	F
mato	M
matrika	F
matrona	F
matroniano	M
matt	M
matteo	M
matthew	M
matthias	M
matthieu	M
mattia	M
maturino	M
maturo	M
matusalen	M
maude	F
maura	F
maureen	F
maurelo	M
maurice	M
mauricio	M
maurilio	M
maurilo	M
maurina	F
maurino	M
maurizio	M
mauro	M
mauve	F
maverick	M
mavi	F
mavilo	M
mavis	F
max	M
maxelinda	F
maxim	M
maxima	F
maxime	M
maximiano	M
maximilian	M
maximiliana	F
maximiliano	M
maximina	F
maximino	M
maximo	M
maxine	F
maxive	F
maxwell	M
may	F
maya	F
mayari	F
maycol	M
mayda	F
mayerly	F
maylen	F
maylis	F
maynao	F
maynard	M
mayolo	M
mayorico	M
mayra	F
mayron	M
mayte	F
mayumi	F
mazal	F
mecenas	M
mectildis	F
meda	F
medardo	M
medea	F
mederico	M
medusa	F
meg	F
megan	F
megara	F
meggie	F
meginardo	M
megumi	F
mehedi	F
meher	F
mei	F
meinrado	M
meir	M
meira	F
meirav	F
meital	F
meka	F
melani	F
melania	F
melanie	F
melanio	M
melantha	F
melany	F
melas	M
melasipo	M
melba	F
melchor	M
mele	F
meleagro	M
melecio	M
meleusipo	M
melia	F
melibea	F
melik	M
melina	F
melinda	F
meline	F
melisa	F
melisenda	F
melissa	F
melita	F
melito	M
meliton	M
melitona	F
melodie	F
melody	F
melosa	F
melquiades	M
melquisedec	M
melusina	F
melva	F
melvin	M
melvyn	M
memnon	M
memo	M
menajem	M
menalipo	M
menandro	M
menas	M
mendel	M
mendo valle	M
menedeuco	M
menelao	M
meneo	M
mengoldo	M
menigno	M
menio	M
menna	F
mennas	M
mennos	M
menodora	F
menodoro	M
menqui	M
menuje	F
merari	M
merced	F
mercedes	F
mercer	M
mercia	F
mercuria	F
mercurial	M
mercurio	M
mercy	F
meriel	F
merlin	M
merlina	F
merolino	M
merrick	M
merrill	M
merry	F
merulo	M
merv	M
mervin	M
meryl	F
mesalina	F
mesha	M
mesmino	M
messina	F
metelo	M
metodio	M
metran	M
metrodora	F
metrofanes	M
metropio	M
meulen	F
meuris	M
meyer	M
mia	F
micael	M
micaela	F
micaias	M
mical	F
michael	M
michaela	F
michay	M
michel	M
michela	F
michele	M
michelle	F
michiko	F
mick	M
mickey	M
micol	F
midori	F
mieke	F
migdonio	M
migina	F
mignon	F
miguel	M
miguelina	F
mijael	M
mijail	M
mijal	F
mikael	M
mikaela	F
mikaili	F
mikel	M
mikhail	M
miki	F
mikkel	M
mila	F
milagro	F
milagros	F
milan	M
milay	F
milburga	F
milca	F
milciades	M
mildred	F
milena	F
milene	F
milenia	F
milenka	F
miles	M
mileva	F
milforte	M
milia	F
miliani	F
militina	F
millan	M
millante	F
millaray	F
millay	F
millicent	F
milo	M
milos	M
milton	M
milva	F
milwida	F
mimi	F
minato	M
minda	F
mindy	F
miner	M
minerva	F
minerviano	M
minervo	M
miniya	F
minka	F
minna	F
minnie	F
minotauro	M
miqueo	M
mira	F
mirabel	F
miranda	F
mireia	F
mireille	F
mirela	F
mirella	F
miren	F
mirena	F
mireya	F
miriam	F
mirian	F
miriana	F
mirielle	F
mirjana	F
mirko	M
mirl	F
mirla	F
mirna	F
mirocles	M
miron	M
miroslav	M
mirra	F
mirta	F
mirtha	F
miryam	F
misael	M
mishcat	F
misopio	M
missy	F
mistica	F
misty	F
mitch	M
mitchel	M
mitchell	M
mitricio	M
mitridates	M
mitsumi	F
mitzi	F
miwa	F
miya	F
miyuki	F
moana	F
mocha	F
modesta	F
modesto	M
modesty	F
modoaldo	M
moesha	F
mohamed	M
mohammed	M
moira	F
moises	M
moke	M
molly	F
mommolo	M
mona	F
monas	M
moneguindis	M
moneta	M
monica	F
monika	F
monique	F
monitor	M
monon	M
monroe	M
montano	M
montgomery	M
montserrat	F
monty	M
mora	F
morathi	M
mordecai	M
mordechai	M
mordejai	M
mordejay	M
morela	F
morella	F
morena	F
moreno	M
morey	M
morfeo	M
morgana	F
morgance	F
moria	F
moritz	M
morna	F
moro	M
morosito	M
morris	M
morrison	M
mort	M
mortimer	M
morton	M
morven	M
moses	M
moshe	M
moswen	M
mouna	F
moussia	F
moya	F
mucio	M
muhammad	M
mukasa	M
mummolino	M
mumolo	M
muna	F
munir	M
munira	F
murdoch	M
muredac	M
muriel	F
murray	M
mushka	F
musidora	F
muskaan	F
musono	M
mussa	M
mustafa	M
mustiola	M
muti	M
mychal	M
mylene	F
myles	M
myra	F
myriam	F
myrna	F
myron	M
myrtle	F
naaman	M
naara	F
naavah	F
nabil	M
nabila	F
nabor	M
nabucodonosor	M
nacira	F
nadav	M
nadia	F
nadim	M
nadina	F
nadine	F
nadir	M
nadira	F
nador	M
nadra	F
nadyria	F
naeem	M
nahair	F
nahele	M
nahia	F
nahiara	F
nahila	F
nahima	F
nahir	F
nahue	F
nahuel	M
nahum	M
naia	F
naiara	F
nailah	F
naillanka	F
naim	M
naima	F
naimid	F
naiquen	F
nair	F
naira	F
nairi	F
najat	F
naji	M
najul	M
nakita	F
nala	F
nalani	F
nalini	F
nallib	M
nallibe	F
namer	M
nami	F
namie	F
nan	F
nana	F
nancy	F
nandor	M
nanfanion	M
nani	F
nanine	F
nantan	M
naoki	M
naoko	M
naomi	F
napea	F
napier	M
napoleon	M
nara	F
narayan	M
narcisa	F
narciso	M
narcissa	F
narela	F
narella	F
narelle	F
narmada	F
narno	M
narses	M
narumi	F
narzal	M
nascha	F
naseen	M
naser	M
nasia	F
nasim	M
nasira	F
nasser	M
natacha	F
natal	M
natala	F
natali	F
natalia	F
natalie	F
natalin	F
natalio	M
nataly	F
natalya	F
natan	M
natanael	M
natane	F
nataniel	M
natasha	F
nate	M
natesa	F
nathalia	F
nathalie	F
nathan	M
nathanel	M
nathaniel	M
natividad	F
natsue	F
natsumi	F
nausica	F
naval	M
navarrete	M
navarro	M
navin	M
nayadet	F
nayati	M
nayib	M
nayla	F
nayme	F
nazarena	F
nazareno	M
nazaria	F
nazario	M
nazeli	F
nazira	F
nazzareno	M
neal	M
neala	F
nebrido	M
neci	F
nectario	M
ned	M
neda	F
nedar	M
nediva	F
neely	M
neena	F
nefi	M
neftali	F
neg¸en	M
nehemiah	M
nehemias	M
nehorai	M
nehuel	M
nehuen	M
neiber	M
neil	M
neila	F
nejam·†	F
nekane	F
nela	F
nelda	F
nelia	F
nelida	F
nella	F
nelly	F
nelo	M
nelson	M
neltor	M
nemesia	F
nemesiano	M
nemesio	M
nemo	M
nemorio	M
nen	M
nenet	F
neofito	M
neola	F
neon	M
neona	F
neopolo	M
nepomuceno	M
neptune	M
neptuno	M
nerea	F
nereida	F
nereo	M
neria	F
nerina	F
nerine	F
nerissa	F
nero	M
neron	M
nerses	M
nessa	F
nessan	M
nestor	M
nestorio	M
neta	F
netali	F
netanel	M
nevan	M
nevenka	F
neville	M
nevin	M
nevio	M
newton	M
neyen	M
neysa	F
niamh	F
nibal	M
nicandro	M
nicanor	M
nicasio	M
niccolo	M
niceas	M
nicecio	M
niceforo	M
nicerata	F
nicetas	M
niceto	M
nicholas	M
nichole	F
nick	M
nicki	F
nickolas	M
nicodemo	M
nicola	M
nicolas	M
nicolasa	F
nicole	F
nicoletta	F
nicolette	F
nicolina	F
nicolo	M
nicomedes	M
nicon	M
nicostrato	M
nidgard	M
nidia	F
nielsin	F
nien	M
nieves	F
nigel	M
niklas	M
nikolas	M
nikolay	M
nikolos	M
nikos	M
nila	F
nilamon	M
nilce	F
nilda	F
nilia	F
nilo	M
nils	M
nimah	F
nimai	M
nimfa	F
nimia	F
nimsi	F
nina	F
ninfodora	F
niniano	M
nino	M
ninon	F
niobe	F
nira	F
nirit	F
nirma	F
nirvelli	F
nisela	F
nishan	F
nisim	M
nissa	F
nissan	M
nissim	M
nita	F
nitai	M
nitara	F
nitika	F
nitzana	F
nixie	F
nizam	F
noaldo	M
noam	M
noara	F
nodin	M
noelani	F
noeli	F
noelia	F
noella	F
noÎlle	F
noely	F
noemi	F
noha	M
nohar	M
nokomis	F
nola	F
nolan	M
nolasco	M
nolberto	M
noleta	F
noma	F
nominanda	F
nomoso	M
nonato	M
nonia	F
nontue	F
nora	F
norali	F
norberta	F
norberto	M
noreen	F
norell	F
nori	F
noriko	F
noris	F
norma	F
norman	M
normando	M
norris	M
norton	M
nostriano	M
notburga	F
nothelmo	M
notkero	M
nour	F
nova	F
novato	M
novella	F
novia	F
novid	M
nubar	M
nubia	F
nuil	F
numa	M
numas	M
numeriano	M
nuna	F
nuncia	F
nuncio	M
nune	F
nunilo	F
nur	F
nuri	M
nuria	F
nurit	F
nuriya	F
nusair	M
nyako	F
nydia	F
nyeki	F
nyle	M
nyoko	F
nysa	F
nyssa	F
nyx	F
oakes	M
oakley	M
obadia	M
obdulia	F
obdulio	M
obed	M
obelia	F
oberon	M
obert	M
oceana	F
oceano	M
octavia	F
octaviano	M
octavio	M
oda	F
odaia	F
odeberto	M
odel	F
odele	F
odelia	F
odelsia	F
odera	F
odessa	F
odetta	F
odette	F
odila	F
odile	F
odilia	F
odilon	M
odin	M
odina	F
odino	M
odo	M
odolf	M
odon	M
odran	M
ofek	M
ofelia	F
ofer	M
ofir	M
ofira	F
og	M
ogden	M
ohanko	M
ohanna	F
ojani	M
oke	M
okelani	F
oki	F
olaf	M
olalla	F
olathe	F
olaya	F
oleg	M
olegario	M
olena	F
olesia	F
oletha	F
olga	F
oliana	F
olimpia	F
olimpio	M
olimpo	M
olin	M
olinda	F
oliva	F
olive	F
oliver	M
oliverio	M
olivia	F
olivier	M
olwen	F
olympia	F
oma	F
omar	M
omega	F
omer	M
omri	M
ona	F
onan	M
ondina	F
oneida	F
onelia	F
onella	F
onesiforo	M
onesimo	M
oni	F
onida	F
onkar	M
onna	F
onofre	M
onora	F
onslow	M
onur	M
oona	F
opal	F
ophelia	F
oprah	F
optaciano	M
optato	M
ora	F
oralee	F
oralie	F
oran	M
orane	M
ordell	M
orela	F
oren	M
orencio	M
orenda	F
orest	M
orestes	M
orfeo	M
orfilia	F
orga§a	M
ori	M
oria	F
orian	F
oriana	F
oriane	F
orianna	F
oriel	M
orieta	F
origenes	M
oringo	M
oriole	F
orion	M
orit	F
orla	F
orlando	M
orlantha	F
orleans	F
orlee	F
orli	F
orma	F
orman	M
ormand	M
ornela	F
ornella	F
oroncio	M
orosia	F
orosio	M
orquidea	F
orrin	M
orsa	F
orsen	M
orsiesio	M
orsin	M
orson	M
ortzi	M
orville	M
orvin	M
osario	M
oscar	M
oseas	M
osgood	M
osher	M
osias	M
osiris	M
osita	F
osman	M
osmar	M
osmundo	M
osorio	M
osric	M
ostiano	M
osvaldo	M
oswald	M
oswaldo	M
otadan	M
othmaro	M
otilia	F
otilio	M
otis	M
oton	M
otoniel	M
otto	M
ottokar	M
ottone	M
ova	F
ovadia	M
overton	M
ovid	M
ovidio	M
owain	M
owen	M
oxana	F
oyendo	M
ozana	F
oziel	M
ozturk	M
ozzie	M
pabla	M
pablo	M
pace	M
paciano	M
paciencia	F
paciente	M
pacifico	M
paco	M
pacomio	M
paddy	M
pafnucio	M
paine	F
paki	M
pakuna	F
palaciata	F
paladia	F
paladio	M
palash	M
palatino	M
palben	M
palemon	M
paleologo	M
palesa	F
pallas	M
palma	M
palmacio	M
palmer	M
palmiera	F
palmira	F
palmiro	M
paloma	F
palti	M
pam	F
pambon	M
pamela	F
pamelia	F
pampin	M
panas	M
pancario	M
pancracio	M
pandita	F
pandora	F
panfilo	M
panphila	F
pansalino	M
pansy	F
pantagapas	M
pantaleon	M
pantalo	M
panteno	M
panthea	F
panya	F
paola	F
paolo	M
papas	M
papias	M
papilo	M
papina	F
papiniano	M
papio	M
paragro	M
paramesh	M
paramon	M
parca	F
pardulfo	M
paris	M
parisio	M
parker	M
parlan	M
parmenas	M
parmenio	M
parnell	M
parnucio	M
parodio	M
parrish	M
parry	M
parsceve	F
partemio	M
partemuto	M
parthenios	M
pascal	M
pascale	F
pascasia	F
pascasio	M
pascha	F
pascua	F
pascual	M
pasha	F
pasicrates	M
pastol	M
pastor	M
patamon	M
patapio	M
paterio	M
paterniano	M
paterno	M
patience	F
patil	F
patricia	F
patricio	M
patrick	M
patrobas	M
patrocinio	M
patroclo	M
patsy	F
patterson	M
patton	M
patxi	M
pau	M
paul	M
paula	F
paule	F
paulette	F
paulin	M
paulina	F
pauline	F
paulino	M
paulo	M
paulos	M
pausidio	M
pausilipo	M
pavel	M
pavit	M
pavla	F
pazia	F
peace	F
pearl	F
peder	M
pedro	M
pedro nolasco	M
pegas	M
pegaso	M
pegeen	F
peggy	F
pehuen	M
pelagia	F
pelagio	M
pelayo	M
pelegrino	M
peleo	M
pelino	M
pelope	M
pelton	M
pelusio	M
pemba	F
pembroke	M
pemon	M
penelope	F
peninah	F
peninna	F
penley	M
penn	M
penney	F
pennie	F
penny	F
penthea	F
peony	F
pepino	M
perceval	M
percival	M
percy	M
peregrino	M
perfecto	M
pergentino	M
peri	F
pericles	M
perla	F
perpedigna	F
perpetua	F
perpetuo	M
perri	F
perrin	M
perry	M
perseo	M
perseveranda	F
persis	F
perth	M
pervis	M
peta	F
pete	M
peter	M
petra	F
petrarca	M
petrona	F
petronax	M
petronila	F
petronio	M
petros	M
petula	F
petunia	F
peverell	M
peyo	M
phaedra	F
phedra	F
phemia	F
phil	M
phila	F
philana	F
philander	M
philine	F
philip	M
philippa	F
philippe	M
phillip	M
philo	M
philomena	F
phoebe	F
phylicia	F
phyliss	F
phyllis	F
pia	F
piato	M
piedad	F
piencia	F
piera	F
pierce	M
pierina	F
pierino	M
pierio	M
pierluigi	M
piero	M
pierre	M
pierrette	F
pierson	M
pietra	F
pietro	M
pigmeno	M
pilan	M
pilar	F
pilatos	M
pillai	F
pin	M
pina	F
pindaro	M
pinito	M
pio	M
pionio	M
piper	F
piperion	M
pipino	M
piramo	M
pirminio	M
pirra	F
pirro	M
pitagoras	M
pitias	M
pitney	M
placida	F
placido	M
platon	M
platonides	M
plautila	F
plauto	M
pleasance	F
plinio	M
plutarco	M
podio	M
poliano	M
policarpo	M
policeto	M
policromio	M
policronio	M
polidora	F
polidoro	M
poliecto	M
polienetes	M
polieneto	M
poliero	M
polifemo	M
polimnia	F
polinice	M
polio	M
polion	M
polixena	F
polly	F
polo	M
poloma	F
polyeno	M
pomona	F
pompeo	M
pompeyano	M
pompeyo	M
pompilio	M
pomponio	M
pomposa	F
ponce	M
ponciano	M
poncio	M
pontico	M
poppon	M
poppy	F
porcario	M
porciano	M
porcio	M
porfirio	M
poria	F
porsche	F
porter	M
portia	F
posidio	M
potamia	F
potamiena	F
potamio	M
potenciana	F
potenciano	M
potino	M
potito	M
poyen	M
praga	F
pragnacio	M
pratap	M
praxedes	F
preciosa	F
prem	M
prentice	M
prescott	M
presidio	M
presley	M
preston	M
pretextato	M
priamo	M
priapo	M
pricio	M
prilidiano	M
primavera	F
primiano	M
primitiva	F
primitivo	M
primo	M
primrose	F
princesa	F
principio	M
prinio	M
prisca	F
prisciano	M
priscila	F
prisciliano	M
priscilla	F
prisco	M
privato	M
priya	F
proba	F
probo	M
proceso	M
proclo	M
procopia	F
procopio	M
procoro	M
proctor	M
proculo	M
promaco	M
prometeo	M
prosdocia	F
prosdocimo	M
proserpina	F
prospero	M
protasia	F
protasio	M
proteo	M
proterio	M
proto	M
protogeno	M
protolico	M
prudence	F
prudencia	F
prudenciana	F
prudencio	M
prue	F
prunella	F
pryce	M
pryor	M
psyche	F
ptolomeo	M
publia	F
publio	M
pulqueria	M
pupulo	M
pura	F
purdy	M
purificacion	F
purity	F
purna	F
pusicio	M
putnam	M
pyrce	F
pyrena	F
pythia	F
quadragesimo	M
quarto	M
queena	F
queenie	F
queila	F
quella	F
quenby	F
quentin	M
queremon	M
querian	M
querubin	M
querubina	F
quetzalcoatl	M
quidel	F
quiliano	M
quillan	M
quinby	M
quinciano	M
quincino	M
quincy	M
quinidio	M
quinlan	M
quinta	F
quintila	M
quintiliano	M
quintilo	M
quintin	M
quintina	F
quinto	M
quionia	F
quiriaco	M
quirico	M
quirino	M
quirita	F
quiteria	F
quiterie	F
rabab	F
rabulas	M
rachael	F
rachel	F
rachelle	F
rachid	M
rad	M
radamento	M
radames	M
radcliffe	F
radegunda	F
radella	F
radinka	F
radley	M
radman	M
radmilla	F
rae	F
rafa	F
rafael	M
rafaela	F
raffaella	F
raffaello	M
rafferty	M
raffi	M
rafi	M
raghad	F
rahman	M
raian	M
raidis	M
raidon	M
raifroid	M
raimondo	M
raimulfo	M
raimund	M
raimundo	M
raina	F
rainer	M
rainerio	M
raiquen	M
raisa	F
raissa	F
raizel	F
raja	F
rajel	F
rakin	M
raleigh	M
ralph	M
ralston	M
ram	M
rama	F
ramiro	M
ramlaf	F
ramon	M
ramses	M
ramsey	M
ramya	F
ran	F
rance	M
rancul	M
randolfo	M
randolph	M
rane	F
ranen	M
ranger	M
rangle	M
rani	F
rania	F
ranquel	M
ranulfo	M
raphael	M
raphaela	F
raquel	F
raquildis	F
rashida	F
rasia	F
rasifo	M
rasine	F
ratbodo	M
ratri	F
raul	M
raulina	F
raulino	M
raven	M
ravi	M
ravid	M
rawdon	M
rawnie	F
ray	M
rayburn	M
rayhan	M
raylen	F
raymi	M
raymond	M
rayna	F
raynor	M
razi	M
razia	F
raziya	F
rea	F
read	M
reade	M
reagan	M
reba	F
rebeca	F
rebecca	F
rebekah	F
rebi	F
redemepto	M
redenta	F
redford	M
redmond	M
reed	M
reese	M
reeve	M
refael	M
regan	M
reggie	M
regina	F
reginald	M
reginaldo	M
regine	F
regino	M
regis	M
regulo	M
rei	F
reidun	F
reiji	M
reilly	M
reina	F
reinaldo	M
reineldis	F
reinoldo	M
remberto	M
remedios	F
remes	M
remigio	M
remington	M
remo	M
remus	M
rena	F
renaldo	M
renata	F
renate	F
renato	M
rendor	M
rene	M
renee	F
renita	F
reno	M
renovato	M
renzo	M
reparada	F
respicio	M
restituta	F
restituto	M
reth	M
reticio	M
reuben	M
reuven	M
reva	F
revelin	M
reveriano	M
revocata	F
revocato	M
rex	M
rey	M
reyhan	F
reynaldo	M
reynard	M
reynold	M
rez	M
rhea	F
rheann	F
rheanna	F
rhett	M
rhiamon	F
rhiannon	F
rhoda	F
rhodanthe	F
rhode	F
rhona	F
rhonda	F
rhys	M
ria	F
riane	M
ribca	F
ribka	F
ricarda	F
ricardo	M
richard	M
richelle	F
rick	M
rickie	F
rida	F
rider	M
ridgley	M
rigby	M
rigoberto	M
rihana	F
rihito	M
rimca	F
rimon	M
rina	F
rinaldo	M
riona	F
riordan	M
ripsima	F
rishi	M
risia	F
rita	F
ritter	M
riva	F
rivka	F
robert	M
roberta	F
robertina	F
robertino	M
roberto	M
robi	F
robine	F
robinson	M
robustiano	M
robyn	F
rocco	M
rochelle	F
rocio	F
rocio de luna	F
rocio del cielo	F
rock	M
rockwell	M
rocky	M
rod	M
roddy	M
roderick	M
rodipo	M
rodman	M
rodnney	M
rodobaldo	M
rodolfo	M
rodopiano	M
rodrigo	M
rogaciano	M
rogato	M
rogelio	M
roger	M
rohana	F
rohit	M
roi	M
roland	M
rolanda	F
rolando	M
roldan	M
rolf	M
roma	F
romaine	F
roman	M
romana	F
romane	F
romanela	F
romano	M
romarico	M
romario	M
romeli	F
romelia	F
romeo	M
romilda	F
romildo	M
romina	F
romola	F
romualdo	M
romula	F
romulo	M
romulus	M
ron	M
rona	F
ronald	M
ronan	M
ronat	M
rondel	M
ronel	M
ronen	M
roni	M
ronli	F
ronn	M
ronnie	M
rooney	M
roosevelt	M
roque	M
roquina	F
rori	F
rosa	F
rosa de lima	F
rosabel	F
rosalba	F
rosali	F
rosalia	F
rosalina	F
rosalind	F
rosalinda	F
rosamunda	F
rosana	F
rosangela	F
rosanne	F
rosario	F
rosaura	F
roscoe	M
rose	F
roseanne	F
rosella	F
rosemary	F
rosendo	M
rosetta	F
rosi	F
rosiberica	F
rosicler	F
rosina	F
rosine	F
rosio	M
rosmari	F
ross	M
rosula	M
roth	M
rowena	F
roxana	F
roxanne	F
roxina	F
roxy	F
roy	M
royce	M
ruben	M
rubi	F
rubina	F
rubria	F
ruby	F
rudd	M
rudesindo	M
rudi	M
rudolf	M
rudolfo	M
rudolph	M
rudra	F
rudy	M
rue	F
ruff	M
rufil	M
rufina	F
rufiniano	M
rufino	M
rufo	M
rumer	F
rumoldo	M
runa	F
runako	M
rune	M
rupay	M
rupert	M
ruperto	M
rush	M
ruskin	M
russ	M
russell	M
russom	M
rusti	F
rustica	F
rustico	M
rusty	M
rut	F
ruth	F
rutha	F
rutilio	M
rutilo	M
rutulo	M
ruy	M
ruysbrockio	M
ryan	M
ryba	F
rye	M
rylan	M
rylee	F
rylie	M
ryuichi	M
ryuji	M
saagar	M
saba	F
sabacio	M
sabas	M
sabel	M
sabi	F
sabina	F
sabine	F
sabiniano	M
sabino	M
sabirah	F
sabra	F
sabrina	F
saburo	M
sacerdote	M
sacha	M
sachi	F
sade	F
sadi	M
sadie	F
sadirar	F
sadler	M
sadoc	M
sadoth	M
safara	F
saffi	F
safford	M
saffron	F
safina	F
safira	F
safiya	F
safo	F
sagar	M
sage	F
sahale	M
sahara	F
sahen	M
sahir	M
sahira	F
sakari	F
sakti	F
sakura	F
salaberga	F
salamon	M
salem	M
salena	F
salene	F
salih	M
salim	M
salimah	F
salina	F
sally	F
salma	F
saloman	M
salome	F
salomon	M
saloua	F
salton	M
salustiano	M
salustio	M
salvador	M
salvadora	F
salvatore	M
salvia	F
salviana	F
salviano	M
salvina	F
salvino	M
salvio	M
sam	M
samanta	F
samantha	F
samar	F
samara	F
samay	F
samien	M
samir	M
samira	F
samirah	F
sammon	M
samonas	M
samson	M
samuel	M
sana	F
sanat	M
sancha	F
sancho	M
sancia	F
sandalio	M
sandalo	M
sanders	M
sandi	F
sandia	F
sandon	M
sandor	M
sandra	F
sandrine	F
sandro	M
sandya	F
sanford	M
sanson	M
santana	M
santeno	M
santiago	M
santina	F
santino	M
santo	M
santos	M
santosh	M
sapphire	F
sara	F
sarah	F
sarai	F
sar·†	F
saree	F
sargent	M
sari	F
sarifi	F
sarina	F
sarisha	F
sarkis	M
sarmatas	M
sarngin	M
saro	M
sarojing	M
sashenka	M
saskia	F
sasson	M
sathya	F
satin	F
satinka	F
satiro	M
satoshi	M
satu	F
saturiano	M
saturino	M
saturio	M
saturnina	F
saturnino	M
saturo	M
saul	M
saula	F
saulo	M
saunders	M
savanna	F
savannah	F
saverio	M
sawyer	M
saxon	M
sayer	M
sayi	F
sayra	F
sayuri	F
scarlet	F
scarlett	F
schafer	M
scheherezada	F
scherin	F
scott	M
seamus	M
sean	M
searle	M
seba	M
sebasten	M
sebastian	M
sebastiana	F
sebastien	M
secino	M
secuano	M
secunda	F
secundario	M
secundiano	M
secundina	F
secundino	M
secundo	M
secundulo	M
securo	M
seda	F
sedofo	M
sedric	M
seeley	M
seema	F
sefora	F
sefton	M
segismundo	M
segunda	F
segundo	M
seibert	M
seif	M
sein	M
seint	M
selena	F
selene	F
selesio	M
seleuco	M
selia	F
selim	M
selima	F
selina	F
selma	F
selva	F
sem	M
sema	F
semele	F
semira	F
semiramis	F
sen	M
senador	M
senalda	F
senan	M
senco	M
seneca	M
senen	M
sener	M
senior	M
senon	M
senorina	F
senta	F
septimia	F
septimio	M
septimo	M
serafin	M
serafina	F
seraj	F
serapia	F
serapion	M
serena	F
serenela	F
sereno	M
serge	M
sergi	M
sergio	M
serilda	F
serlon	M
serotina	F
servacio	M
servando	M
serviliano	M
servilio	M
servio	M
servo	M
servodei	M
servodeo	M
servulo	M
serwa	F
set	M
seth	M
sethan	M
severa	F
severiano	M
severin	M
severina	F
severino	M
severo	M
seviliano	M
sevilin	M
sewoldo	M
seyithan	M
seymour	M
seyoung	F
shadia	F
shadwell	M
shai	M
shaiel	F
shaiming	M
shaine	F
shair	M
shajar	F
shake	F
shakira	F
shalom	M
shalya	M
shami	F
shamir	M
shamira	F
shamus	M
shana	F
shanahan	M
shanata	F
shane	M
shanelle	F
shania	F
shanley	M
shantal	F
shantay	F
shaqueel	M
shaquile	M
shari	F
sharif	M
sharman	F
shattuck	M
shaul	M
shaun	M
shaver	M
shavonne	F
shaw	M
shawna	F
shayna	F
shayndel	F
sheba	F
sheehan	M
sheena	F
sheffield	M
sheila	F
sheina	F
shekel	M
shela	F
sheldon	M
sheli	F
shelomo	M
shelton	M
shem	M
shen	M
sheridon	M
sherlock	M
sherrod	M
sherry	F
sherwood	M
shifra	F
shika	F
shina	F
shinboku	M
shing	M
shinichi	M
shinji	M
shino	F
shinya	M
shira	F
shirel	F
shiri	F
shirley	F
shirly	F
shiro	M
shiva	M
shmuel	M
shneur	M
shoam	F
sholem	M
shoshana	F
shoshanah	F
shulamit	F
shulinen	F
shunnar	M
siagria	F
siagrio	M
siamara	F
sibila	F
sibilina	F
sibyl	F
sibyla	F
sicio	M
sico	M
sid	M
sidonia	F
sidonio	M
sidronio	M
siervo	M
sigal	F
sigalit	F
sigeberto	M
sigefrido	M
sigfrido	M
sigisbaldo	M
siglinda	F
sigourney	F
sigrada	F
sigrid	F
sila	F
silas	M
silene	F
sileno	M
silo	M
silva	F
silvana	F
silvano	M
silveria	F
silverio	M
silvestre	M
silvia	F
silvina	F
silvina dl guadalupe	F
silvino	M
silvio	M
sima	F
simaco	M
simberto	M
simblino	M
simcha	F
simeon	M
simitrio	M
simja	F
simms	M
simon	M
simona	F
simone	F
simonides	M
simpliciano	M
simplicio	M
sinclair	M
sincletica	F
sindino	M
sindulfo	M
sinead	F
sinesio	M
sinforiano	M
sinforosa	F
sinfronio	M
singh	M
sintiques	F
siobhan	F
siomara	F
sira	F
siria	F
siricio	M
siridion	M
sirio	M
siro	M
siroun	F
sisebuto	M
sisenando	M
sisinio	M
sissy	F
sistina	F
sitara	F
siv	F
sivan	M
sive	F
siviardo	M
sixtine	F
sixto	M
skipper	M
skule	M
slade	M
slater	M
slavica	F
slevin	M
smith	M
sobel	M
socorro	F
socrates	M
sofia	F
sofiel	M
sofocles	M
sofonias	M
sofronio	M
soka	F
sol	F
sol de	F
solana	F
solange	F
solano	M
soledad	F
soleil	F
solemnio	M
soliano	M
solident	M
solita	F
solocano	M
solomon	M
solutor	M
solvejg	F
somy	F
son	M
sonacio	M
sonia	F
sonsoles	F
sonthaya	M
sonya	F
soo	M
sopatra	F
sophia	F
sophie	F
sophronia	F
sophya	F
sora	F
soraya	F
sorcha	F
sorel	M
sosÈ	F
sosio	M
sosipatro	M
sosteneo	M
sostenes	M
sotera	F
soterios	M
sotero	M
sozonte	M
spalding	M
spe	M
spencer	M
spica	F
spiro	M
spiros	M
stacia	F
stamos	M
stan	M
stanislas	M
stanislaus	M
stanislav	M
stanislawa	M
stanley	M
staquis	M
star	F
stasio	M
stavros	M
steel	M
steen	M
stefan	M
stefani	F
stefania	F
stefanie	F
stefano	M
steffi	F
steffie	F
stella	F
stella maris	F
stephan	M
stephanie	F
stephen	M
stephenie	F
sterina	F
stern	M
steve	M
steven	M
stewart	M
stiriaco	M
strom	M
stuart	M
sturno	M
stylianos	M
suanne	F
suceso	M
sudan	M
suintino	M
suitberto	M
suki	F
suleidy	F
sullivan	M
sully	M
sulpicio	M
sultana	F
sumaia	F
sumaj	M
sumi	F
sumie	F
summer	F
sumner	M
sun	M
sundeep	M
superio	M
surano	M
susan	F
susana	F
susanna	F
susannah	F
susima	F
sutherland	M
sutton	M
suwan	M
suzanne	F
suzette	F
sven	M
svend	M
svetlana	F
swain	M
swaley	M
sweeney	M
sybil	F
sydelle	F
sydney	F
syed	M
sying	M
sylvester	M
sylvia	F
sylvie	F
symon	M
syna	F
syshe	M
szaffir	M
taamson	M
tab	M
tabare	M
tabari	M
tabata	F
tabatha	F
tabina	F
tabitha	F
taci	F
taciana	F
taciano	M
tacion	M
tacita	F
tacito	M
tacuabe	M
tadas	M
tadashi	M
taddeo	M
tadeo	M
tadeu	M
tadeusz	M
tadi	M
taft	M
tage	M
taggart	M
taher	M
tahiel	M
tahir	M
tahirah	F
tai	M
taiana	F
taima	F
taimir	M
taina	F
tair	F
tais	F
tait	M
taite	M
taka	F
takara	F
takashi	M
takeo	M
takeshi	M
tal	M
talaleo	M
talasi	F
talbert	M
taleb	M
tali	F
talia	F
talib	M
talin	F
tallulah	F
talman	M
talo	M
talos	M
tam	M
tama	F
tamah	F
taman	M
tamar	F
tamara	F
tamaro	M
tamary	F
tamasha	F
tami	F
tamika	F
tamina	F
tamir	M
tammy	F
tancon	M
tanek	M
tani	F
tania	F
tanisha	F
tannsy	F
tantalo	M
tanton	M
tanya	F
tao	M
tara	F
taralo	M
tarasio	M
tarbula	F
tarek	M
tarik	M
taro	M
taron	M
tarquino	M
tarsicia	F
tarsicio	M
tarsila	F
tarunadev	M
taryn	F
tas	M
tasha	F
tasio	M
tate	M
tathiana	F
tatiana	F
tatsuo	M
tatyana	F
taurino	M
tavish	M
tawana	F
tawnie	F
tawny	F
tayra	F
taysa	F
tayyeb	M
tazio	M
teagan	M
teague	M
tecelino	M
tecia	F
tecla	F
ted	M
tehila	F
tekla	F
telemaco	M
telesforo	M
tell	M
teller	M
telly	M
telma	F
telmo	M
telquilda	F
tem	M
temira	F
temis	F
temistocles	M
tempest	F
templeton	M
teo	M
teobaldo	M
teocleta	F
teoctiste	F
teodardo	M
teodefrido	M
teodelina	F
teodequilda	F
teodolinda	F
teodomiro	M
teodora	F
teodorico	M
teodoro	M
teodosia	F
teodosio	M
teodota	F
teodoto	M
teodulo	M
teofanes	M
teofania	F
teofastro	M
teofila	F
teofilo	M
teofredo	M
teogenes	M
teonas	M
teonesto	M
teopista	F
teopisto	M
teopompo	M
teoprepido	M
teoritgida	F
teotimo	M
tercio	M
tereciela	F
terenciano	M
terencio	M
terentia	F
teresa	F
teresita	F
termes	M
terrence	M
terris	M
tertia	F
tertuliano	M
teseo	M
teshi	F
tesia	F
tesifon	M
tesifonte	M
tesira	F
tespesio	M
tess	F
tessa	F
teusetas	M
teva	M
thaddeus	M
thadea	F
thai	M
thaiel	M
thais	F
thalassa	F
thalia	F
thaman	M
than	M
thana	F
thane	M
thang	M
thanos	M
thatcher	M
thayer	M
thea	F
thekla	F
thelma	F
thema	F
themis	F
theo	M
theodor	M
theodora	F
theodore	M
theodosia	F
theone	F
theophila	F
theophile	M
thera	F
theresa	F
therese	F
theron	M
thiago	M
thierry	M
thirza	M
thomas	M
thomasina	F
thor	M
thora	F
thorbert	M
thornton	M
thorpe	M
thuc	M
thurman	M
thurston	M
thyra	F
tiago	M
tiano	M
tiara	F
tiare	F
tiaret	F
tibalt	M
tiberio	M
tibor	M
tiburcio	M
ticiana	F
ticiano	M
tico	M
ticon	M
tierman	M
tierney	M
tiffany	F
tigidio	M
tigranes	M
tigridia	F
tilden	M
tilton	M
tim	M
timandra	F
timin	M
timocrates	M
timolao	M
timon	M
timoteo	M
timothy	M
tin	M
tina	F
tindaro	M
tiponya	F
tiquico	M
tirannio	M
tirsa	F
tirso	M
tirza	F
tito	M
tito livio	M
titus	M
tivona	F
tiziana	F
tiziano	M
tjomme	M
tobar	M
tobey	M
tobia	M
tobias	M
tobit	M
toby	F
todd	M
toft	M
toichi	M
tolomeo	M
tom	M
tomaida	F
tomas	M
tome	M
tomer	M
tomislav	M
tomlin	M
tommy	M
tomy	M
tong	M
toni	F
tonio	M
tony	M
topaz	F
torcuato	M
tori	F
toribio	M
torin	M
torpetes	M
torrance	M
toshi	F
toshiro	M
tourion	M
tova	F
tovah	F
tovi	M
townley	M
townsend	M
toyah	F
tracy	F
trahern	M
tranquilino	M
traseas	M
trason	M
traugott	M
travers	M
travis	M
trayton	M
trella	F
tremaine	M
tremar	M
trent	M
trenton	M
tresa	F
treva	F
trevor	M
trey	M
triana	F
tricia	F
trifena	F
trifilo	M
trifina	F
trifon	M
trifonia	F
trifosa	F
trigg	M
trilby	F
trina	F
tripode	M
triptolemo	M
trista	F
tristan	M
tristana	F
tristram	M
trixie	F
troades	M
trofimo	M
troy	M
troyano	M
trude	F
trudon	M
trudy	F
truitt	M
truman	M
trumwin	M
trustin	M
tryphena	F
tuan	M
tubal	M
tucidides	M
tucker	M
tuesday	F
tug	M
tugdualdo	M
tulia	F
tulio	M
tully	M
tung	M
tupac	M
turiaf	M
turner	M
turquesa	F
tutilon	M
tuton	M
tuyen	M
twitchell	M
txomin	M
ty	M
tyara	F
tyee	M
tymon	M
tyne	F
tyra	F
tyrone	M
tyrus	M
tyson	M
tzigane	F
tzion	M
tzipora	F
tzui	M
tzuriel	M
tzvi	M
uaine	M
ualid	M
uba	M
ubadah	M
ubaldo	M
uberto	M
uciel	F
udele	F
udine	F
udo	M
ugolino	M
ugucion	M
ukyo	M
ula	F
uladislao	M
uldarico	M
ulf	M
ulfrido	M
uliana	F
ulises	M
ulla	F
ullah	M
ulric	M
ulrich	M
ulrico	M
ultima	F
ultman	M
ulysses	M
uma	F
umbelina	F
umberto	M
umi	M
umit	M
ummi	F
unity	F
uno	M
upshaw	M
upton	M
urania	F
urban	M
urbana	F
urbano	M
urbicio	M
uri	M
uria	F
uriana	F
uriel	M
urit	F
urko	M
urpasiano	M
ursa	F
ursala	F
ursicino	M
ursicio	M
ursion	M
urso	M
ursula	F
ursulina	F
usmaro	M
usue	F
uta	F
ute	F
uton	M
uxue	F
uzi	M
uzias	M
uziel	M
vachel	M
vadim	M
vadin	M
vail	M
vala	F
valabonso	M
valborg	M
valda	F
valdemar	M
valdir	M
valencia	F
valente	M
valentin	M
valentina	F
valentiniano	M
valentino	M
valeria	F
valeriano	M
valerico	M
valerie	F
valerio	M
valero	M
valeska	F
valonia	F
valquiria	F
valter	M
valvurga	F
van	M
vance	M
vanda	F
vandyke	M
vanesa	F
vanessa	F
vania	F
vanik	M
vanina	F
vaniria	F
vanna	F
vannes	M
vanora	F
vanya	F
varda	F
vardon	M
varick	M
varico	M
varinia	F
vartan	M
varun	M
varuna	M
varvara	F
vashti	F
vasin	M
vassety	F
vaughan	M
vaughn	M
vazquen	M
veda	F
vedasto	M
vedie	M
velia	F
velika	F
velma	F
venancio	M
venceslao	M
vendimiano	M
venecia	F
veneranda	F
venerando	M
venerio	M
venero	M
venetia	F
venezia	F
ventis	M
ventura	M
venus	F
venusta	F
venusto	M
vera	F
verano	M
verecundo	M
veredigna	F
veremundo	M
verena	F
verenice	F
veriano	M
verisimo	M
verna	F
vernerio	M
vernon	M
vero	M
verona	F
veronica	F
veronika	F
verrill	M
verulo	M
vesna	F
vespasiano	M
vespera	F
vesta	F
vetio	M
veturo	M
vevila	F
vevina	F
viator	M
vicente	M
vicky	F
victor	M
victoria	F
victoriano	M
victorico	M
victorina	F
victorino	M
victorio	M
victricio	M
victuro	M
vida	F
vidal	M
vidonia	F
vidor	M
viggo	M
vigilio	M
vignesh	M
vigor	M
viken	M
viliulfo	M
villbaldo	M
vilma	F
vimarasio	M
vinay	M
vince	M
vincent	M
vincenzo	M
vindemial	M
vindiciano	M
vindomio	M
vinicio	M
vinicius	M
vintila	M
viola	F
violet	F
violeta	F
violetta	F
virgefortis	F
virgil	M
virgilio	M
virginia	F
virginio	M
viridiana	F
viridis	F
virna	F
virtudes	F
visitacion	F
vissia	F
vistremundo	M
vita	F
vital	M
vitalia	F
vitaliano	M
vitalicio	M
vitalina	F
vitantonio	M
vitas	M
vito	M
vitoldo	M
vitoria	F
vitruvio	M
vittoria	F
vittorio	M
viveka	F
vivencio	M
vivian	F
viviana	F
viviano	M
vivienne	F
vivina	F
vlad	M
vladimir	M
vladimiro	M
volfango	M
voltaire	M
volusiano	M
vondra	F
voto	M
vulcano	M
vulpiano	M
waban	M
wade	M
waded	F
wadih	M
wagner	M
wahaad	M
wakanda	F
wakeman	M
wakiza	M
walarico	M
walberto	M
walburga	F
waldemar	M
walden	M
waldo	M
walfrido	M
walker	M
walkiria	F
walkyria	F
wallace	M
wallance	M
walquiria	F
walt	M
walter	M
waltruda	F
wanda	F
wandrilo	M
wanengo	M
waneta	F
wapi	M
ward	M
wardell	M
warein	M
warner	M
warren	M
washington	M
waskar	M
wasnulfo	M
watson	M
waverly	M
wayne	M
webster	M
welby	M
welcome	F
wells	M
welton	M
wen	M
wenceslao	M
wenda	F
wendy	F
wenzel	M
wereburga	F
werner	M
wes	M
wesley	M
wheeler	M
whitby	M
whitfield	M
whitley	M
widrado	M
wifredo	M
wigerto	M
wilbur	M
wilebaldo	M
wilford	M
wilfred	M
wilfredo	M
wilfrido	M
wilhelmina	F
wilibrordo	M
wiligiro	M
will	M
willa	F
willard	M
willem	M
william	M
willis	M
willow	F
wilma	F
wilona	F
wilson	M
winda	F
winema	F
winifred	F
winifreda	F
winnoc	M
winnthrop	M
winola	F
winona	F
winslow	M
winston	M
wiron	M
witburga	F
witger	M
wivina	F
wolcott	M
wolfgang	M
wolfgango	M
woodrow	M
wren	F
wulen	F
wulfilda	F
wulfrano	M
wulgis	M
wulmaro	M
wulstano	M
wyatt	M
wynn	M
wynne	F
xabier	M
xan	M
xanthe	F
xanthus	M
xantifa	F
xavier	M
xaviera	F
xena	F
xenia	F
xenos	M
xerxes	M
xian	M
xiana	F
xiara	F
ximen	M
ximena	F
xiomara	F
xoan	M
xoana	F
xose	M
xulian	M
xuxa	F
xylia	F
xylona	F
ya	F
yachne	F
yaco	M
yadia	F
yadir	M
yael	F
yaela	F
yafar	M
yago	M
yahir	M
yahto	M
yain	M
yair	M
yaiza	F
yako	M
yale	M
yamal	M
yamel	F
yamil	M
yamila	F
yamile	F
yamir	M
yancy	M
yanel	F
yanela	F
yanella	F
yanessis	F
yanet	F
yangjin	F
yani	M
yanil	F
yanina	F
yanira	F
yanis	M
yann	M
yannick	M
yannis	M
yara	F
yardley	M
yariela	F
yarin	M
yarmilla	F
yaro	M
yaroslav	M
yaroslawa	F
yaser	M
yasim	M
yasmin	F
yasmina	F
yasuo	M
yavel	F
yazmin	F
ye chan	M
ye jee	F
ye zhi	M
yehoshua	M
yehuda	M
yehudi	M
yeji	F
yemba	M
yemina	F
yepa	F
yerik	M
yervant	M
yesenia	F
yesica	F
yesmina	F
yeva	F
yinan	F
yoav	M
yoel	M
yohrei	M
yojana	F
yoko	F
yolanda	F
yona	M
yonah	F
yonina	F
yoninah	F
yori	F
yorick	M
york	M
yosef	M
yoseli	F
yoshi	M
young	M
yovela	F
ytiel	M
yu	M
yucundo	M
yuichi	M
yukari	F
yukii	F
yukio	M
yul	M
yule	M
yuma	M
yumbi	F
yumi	F
yuri	M
yusef	M
yves	M
yvette	F
yvonne	F
yyaron	M
zacarias	M
zachary	M
zaci	M
zada	F
zadig	M
zadquiel	M
zafiro	F
zahara	F
zahir	M
zahira	F
zahirah	F
zahra	F
zaid	M
zaida	F
zaila	F
zainab	F
zair	M
zaira	F
zaki	M
zakia	F
zale	M
zalika	F
zalman	M
zaltana	F
zamas	M
zambdas	M
zamiel	M
zamira	F
zandra	F
zane	M
zanitas	M
zaqueo	M
zara	F
zarah	F
zared	M
zarek	M
zarifa	F
zarina	F
zaura	F
zaza	F
zdenka	F
zdenko	M
zea	F
zebulon	M
zedekiah	M
zeeb	M
zehava	F
zeke	M
zeki	M
zelda	F
zelia	F
zelig	M
zelma	F
zelmar	M
zelmira	F
zena	F
zenaida	F
zenaide	F
zenas	M
zenia	F
zeno	M
zenobia	F
zenobio	M
zenon	M
zephan	M
zephyr	F
zerlinda	F
zetta	F
zev	M
zeva	F
zevida	F
zia	F
zigana	F
zigor	M
zikomo	M
zila	F
zimri	M
zina	F
zine	M
zinedine	M
zinia	F
zinnia	F
zion	M
zisis	M
zita	F
ziv	M
ziva	F
ziven	M
zizi	F
zoe	F
zoel	M
zoia	F
zoie	F
zoila	F
zoilo	M
zola	F
zoltan	M
zona	F
zora	F
zoraida	F
zosia	F
zosima	F
zosimo	M
zotico	M
zsa zsa	F
zubair	M
zula	F
zulaica	F
zuleika	F
zulema	F
zulima	F
zulma	F
zulmara	F
zunilda	F
zuza	F
zuzanny	F
zysli	F
